CustomerID,PredictedDefaultProbability
AR26-10000003,0.1198
AR26-10000004,0.1198
AR26-10000008,0.1198
AR26-10000013,0.1198
AR26-10000020,0.1198
AR26-10000024,0.1198
AR26-10000026,0.1198
AR26-10000035,0.1198
AR26-10000036,0.1198
AR26-10000048,0.1198
AR26-10000052,0.1198
AR26-10000053,0.1198
AR26-10000063,0.1198
AR26-10000065,0.1198
AR26-10000072,0.1198
AR26-10000087,0.1198
AR26-10000090,0.1198
AR26-10000092,0.1198
AR26-10000108,0.1198
AR26-10000109,0.1198
AR26-10000112,0.1198
AR26-10000115,0.1198
AR26-10000128,0.1198
AR26-10000133,0.1198
AR26-10000139,0.1198
AR26-10000140,0.1198
AR26-10000152,0.1198
AR26-10000155,0.1198
AR26-10000159,0.1198
AR26-10000161,0.1198
AR26-10000168,0.1198
AR26-10000176,0.1198
AR26-10000178,0.1198
AR26-10000185,0.1198
AR26-10000187,0.1198
AR26-10000195,0.1198
AR26-10000205,0.1198
AR26-10000212,0.1198
AR26-10000213,0.1198
AR26-10000219,0.1198
AR26-10000220,0.1198
AR26-10000222,0.1198
AR26-10000229,0.1198
AR26-10000237,0.1198
AR26-10000245,0.1198
AR26-10000247,0.1198
AR26-10000254,0.1198
AR26-10000258,0.1198
AR26-10000260,0.1198
AR26-10000264,0.1198
AR26-10000290,0.1198
AR26-10000303,0.1198
AR26-10000322,0.1198
AR26-10000329,0.1198
AR26-10000336,0.1198
AR26-10000351,0.1198
AR26-10000352,0.1198
AR26-10000353,0.1198
AR26-10000362,0.1198
AR26-10000366,0.1198
AR26-10000377,0.1198
AR26-10000381,0.1198
AR26-10000384,0.1198
AR26-10000386,0.1198
AR26-10000387,0.1198
AR26-10000391,0.1198
AR26-10000410,0.1198
AR26-10000424,0.1198
AR26-10000436,0.1198
AR26-10000451,0.1198
AR26-10000455,0.1198
AR26-10000462,0.1198
AR26-10000466,0.1198
AR26-10000472,0.1198
AR26-10000482,0.1198
AR26-10000490,0.1198
AR26-10000492,0.1198
AR26-10000495,0.1198
AR26-10000497,0.1198
AR26-10000506,0.1198
AR26-10000509,0.1198
AR26-10000515,0.1198
AR26-10000516,0.1198
AR26-10000517,0.1198
AR26-10000519,0.1198
AR26-10000525,0.1198
AR26-10000528,0.1198
AR26-10000530,0.1198
AR26-10000533,0.1198
AR26-10000535,0.1198
AR26-10000537,0.1198
AR26-10000538,0.1198
AR26-10000541,0.1198
AR26-10000542,0.1198
AR26-10000547,0.1198
AR26-10000550,0.1198
AR26-10000559,0.1198
AR26-10000562,0.1198
AR26-10000567,0.1198
AR26-10000571,0.1198
AR26-10000583,0.1198
AR26-10000585,0.1198
AR26-10000586,0.1198
AR26-10000595,0.1198
AR26-10000603,0.1198
AR26-10000629,0.1198
AR26-10000633,0.1198
AR26-10000644,0.1198
AR26-10000654,0.1198
AR26-10000657,0.1198
AR26-10000661,0.1198
AR26-10000667,0.1198
AR26-10000682,0.1198
AR26-10000696,0.1198
AR26-10000712,0.1198
AR26-10000718,0.1198
AR26-10000727,0.1198
AR26-10000737,0.1198
AR26-10000739,0.1198
AR26-10000741,0.1198
AR26-10000745,0.1198
AR26-10000746,0.1198
AR26-10000749,0.1198
AR26-10000753,0.1198
AR26-10000756,0.1198
AR26-10000761,0.1198
AR26-10000767,0.1198
AR26-10000770,0.1198
AR26-10000772,0.1198
AR26-10000778,0.1198
AR26-10000782,0.1198
AR26-10000786,0.1198
AR26-10000787,0.1198
AR26-10000792,0.1198
AR26-10000798,0.1198
AR26-10000800,0.1198
AR26-10000801,0.1198
AR26-10000829,0.1198
AR26-10000831,0.1198
AR26-10000833,0.1198
AR26-10000838,0.1198
AR26-10000841,0.1198
AR26-10000848,0.1198
AR26-10000854,0.1198
AR26-10000855,0.1198
AR26-10000857,0.1198
AR26-10000858,0.1198
AR26-10000863,0.1198
AR26-10000864,0.1198
AR26-10000865,0.1198
AR26-10000870,0.1198
AR26-10000871,0.1198
AR26-10000882,0.1198
AR26-10000884,0.1198
AR26-10000902,0.1198
AR26-10000915,0.1198
AR26-10000920,0.1198
AR26-10000928,0.1198
AR26-10000952,0.1198
AR26-10000954,0.1198
AR26-10000957,0.1198
AR26-10000960,0.1198
AR26-10000969,0.1198
AR26-10000972,0.1198
AR26-10000993,0.1198
AR26-10000996,0.1198
AR26-10001002,0.1198
AR26-10001010,0.1198
AR26-10001012,0.1198
AR26-10001015,0.1198
AR26-10001024,0.1198
AR26-10001038,0.1198
AR26-10001039,0.1198
AR26-10001040,0.1198
AR26-10001071,0.1198
AR26-10001073,0.1198
AR26-10001076,0.1198
AR26-10001078,0.1198
AR26-10001082,0.1198
AR26-10001091,0.1198
AR26-10001107,0.1198
AR26-10001108,0.1198
AR26-10001123,0.1198
AR26-10001127,0.1198
AR26-10001134,0.1198
AR26-10001136,0.1198
AR26-10001143,0.1198
AR26-10001148,0.1198
AR26-10001166,0.1198
AR26-10001170,0.1198
AR26-10001185,0.1198
AR26-10001187,0.1198
AR26-10001189,0.1198
AR26-10001194,0.1198
AR26-10001201,0.1198
AR26-10001212,0.1198
AR26-10001216,0.1198
AR26-10001217,0.1198
AR26-10001222,0.1198
AR26-10001226,0.1198
AR26-10001235,0.1198
AR26-10001239,0.1198
AR26-10001251,0.1198
AR26-10001261,0.1198
AR26-10001262,0.1198
AR26-10001270,0.1198
AR26-10001273,0.1198
AR26-10001274,0.1198
AR26-10001275,0.1198
AR26-10001285,0.1198
AR26-10001305,0.1198
AR26-10001308,0.1198
AR26-10001309,0.1198
AR26-10001310,0.1198
AR26-10001327,0.1198
AR26-10001339,0.1198
AR26-10001352,0.1198
AR26-10001359,0.1198
AR26-10001364,0.1198
AR26-10001365,0.1198
AR26-10001366,0.1198
AR26-10001374,0.1198
AR26-10001381,0.1198
AR26-10001386,0.1198
AR26-10001399,0.1198
AR26-10001410,0.1198
AR26-10001416,0.1198
AR26-10001430,0.1198
AR26-10001439,0.1198
AR26-10001440,0.1198
AR26-10001441,0.1198
AR26-10001448,0.1198
AR26-10001454,0.1198
AR26-10001466,0.1198
AR26-10001472,0.1198
AR26-10001483,0.1198
AR26-10001492,0.1198
AR26-10001493,0.1198
AR26-10001501,0.1198
AR26-10001512,0.1198
AR26-10001519,0.1198
AR26-10001522,0.1198
AR26-10001526,0.1198
AR26-10001528,0.1198
AR26-10001537,0.1198
AR26-10001539,0.1198
AR26-10001546,0.1198
AR26-10001550,0.1198
AR26-10001554,0.1198
AR26-10001558,0.1198
AR26-10001574,0.1198
AR26-10001576,0.1198
AR26-10001585,0.1198
AR26-10001588,0.1198
AR26-10001589,0.1198
AR26-10001591,0.1198
AR26-10001592,0.1198
AR26-10001594,0.1198
AR26-10001597,0.1198
AR26-10001598,0.1198
AR26-10001603,0.1198
AR26-10001604,0.1198
AR26-10001625,0.1198
AR26-10001626,0.1198
AR26-10001627,0.1198
AR26-10001634,0.1198
AR26-10001642,0.1198
AR26-10001651,0.1198
AR26-10001658,0.1198
AR26-10001668,0.1198
AR26-10001675,0.1198
AR26-10001689,0.1198
AR26-10001693,0.1198
AR26-10001700,0.1198
AR26-10001705,0.1198
AR26-10001710,0.1198
AR26-10001716,0.1198
AR26-10001722,0.1198
AR26-10001732,0.1198
AR26-10001735,0.1198
AR26-10001742,0.1198
AR26-10001744,0.1198
AR26-10001748,0.1198
AR26-10001752,0.1198
AR26-10001762,0.1198
AR26-10001765,0.1198
AR26-10001766,0.1198
AR26-10001769,0.1198
AR26-10001785,0.1198
AR26-10001786,0.1198
AR26-10001790,0.1198
AR26-10001791,0.1198
AR26-10001795,0.1198
AR26-10001801,0.1198
AR26-10001806,0.1198
AR26-10001807,0.1198
AR26-10001816,0.1198
AR26-10001818,0.1198
AR26-10001825,0.1198
AR26-10001826,0.1198
AR26-10001831,0.1198
AR26-10001833,0.1198
AR26-10001845,0.1198
AR26-10001847,0.1198
AR26-10001858,0.1198
AR26-10001861,0.1198
AR26-10001882,0.1198
AR26-10001883,0.1198
AR26-10001885,0.1198
AR26-10001896,0.1198
AR26-10001897,0.1198
AR26-10001901,0.1198
AR26-10001922,0.1198
AR26-10001927,0.1198
AR26-10001939,0.1198
AR26-10001953,0.1198
AR26-10001965,0.1198
AR26-10001966,0.1198
AR26-10001969,0.1198
AR26-10001971,0.1198
AR26-10001973,0.1198
AR26-10001982,0.1198
AR26-10001994,0.1198
AR26-10002000,0.1198
AR26-10002005,0.1198
AR26-10002007,0.1198
AR26-10002029,0.1198
AR26-10002031,0.1198
AR26-10002033,0.1198
AR26-10002034,0.1198
AR26-10002043,0.1198
AR26-10002050,0.1198
AR26-10002063,0.1198
AR26-10002067,0.1198
AR26-10002069,0.1198
AR26-10002072,0.1198
AR26-10002082,0.1198
AR26-10002083,0.1198
AR26-10002093,0.1198
AR26-10002106,0.1198
AR26-10002108,0.1198
AR26-10002110,0.1198
AR26-10002112,0.1198
AR26-10002113,0.1198
AR26-10002114,0.1198
AR26-10002122,0.1198
AR26-10002129,0.1198
AR26-10002131,0.1198
AR26-10002134,0.1198
AR26-10002140,0.1198
AR26-10002146,0.1198
AR26-10002148,0.1198
AR26-10002150,0.1198
AR26-10002154,0.1198
AR26-10002155,0.1198
AR26-10002166,0.1198
AR26-10002170,0.1198
AR26-10002172,0.1198
AR26-10002179,0.1198
AR26-10002187,0.1198
AR26-10002188,0.1198
AR26-10002191,0.1198
AR26-10002203,0.1198
AR26-10002204,0.1198
AR26-10002212,0.1198
AR26-10002214,0.1198
AR26-10002225,0.1198
AR26-10002233,0.1198
AR26-10002244,0.1198
AR26-10002248,0.1198
AR26-10002272,0.1198
AR26-10002277,0.1198
AR26-10002280,0.1198
AR26-10002284,0.1198
AR26-10002290,0.1198
AR26-10002294,0.1198
AR26-10002301,0.1198
AR26-10002304,0.1198
AR26-10002305,0.1198
AR26-10002313,0.1198
AR26-10002315,0.1198
AR26-10002326,0.1198
AR26-10002333,0.1198
AR26-10002335,0.1198
AR26-10002337,0.1198
AR26-10002342,0.1198
AR26-10002359,0.1198
AR26-10002362,0.1198
AR26-10002367,0.1198
AR26-10002368,0.1198
AR26-10002373,0.1198
AR26-10002383,0.1198
AR26-10002415,0.1198
AR26-10002417,0.1198
AR26-10002425,0.1198
AR26-10002426,0.1198
AR26-10002431,0.1198
AR26-10002432,0.1198
AR26-10002446,0.1198
AR26-10002447,0.1198
AR26-10002450,0.1198
AR26-10002454,0.1198
AR26-10002459,0.1198
AR26-10002460,0.1198
AR26-10002462,0.1198
AR26-10002463,0.1198
AR26-10002464,0.1198
AR26-10002466,0.1198
AR26-10002472,0.1198
AR26-10002473,0.1198
AR26-10002475,0.1198
AR26-10002482,0.1198
AR26-10002487,0.1198
AR26-10002493,0.1198
AR26-10002499,0.1198
AR26-10002507,0.1198
AR26-10002510,0.1198
AR26-10002517,0.1198
AR26-10002526,0.1198
AR26-10002527,0.1198
AR26-10002531,0.1198
AR26-10002538,0.1198
AR26-10002553,0.1198
AR26-10002574,0.1198
AR26-10002583,0.1198
AR26-10002587,0.1198
AR26-10002591,0.1198
AR26-10002592,0.1198
AR26-10002605,0.1198
AR26-10002606,0.1198
AR26-10002621,0.1198
AR26-10002624,0.1198
AR26-10002633,0.1198
AR26-10002636,0.1198
AR26-10002639,0.1198
AR26-10002648,0.1198
AR26-10002656,0.1198
AR26-10002662,0.1198
AR26-10002664,0.1198
AR26-10002668,0.1198
AR26-10002673,0.1198
AR26-10002685,0.1198
AR26-10002695,0.1198
AR26-10002707,0.1198
AR26-10002710,0.1198
AR26-10002712,0.1198
AR26-10002719,0.1198
AR26-10002721,0.1198
AR26-10002727,0.1198
AR26-10002728,0.1198
AR26-10002738,0.1198
AR26-10002742,0.1198
AR26-10002745,0.1198
AR26-10002754,0.1198
AR26-10002757,0.1198
AR26-10002759,0.1198
AR26-10002762,0.1198
AR26-10002765,0.1198
AR26-10002769,0.1198
AR26-10002770,0.1198
AR26-10002789,0.1198
AR26-10002797,0.1198
AR26-10002798,0.1198
AR26-10002804,0.1198
AR26-10002817,0.1198
AR26-10002823,0.1198
AR26-10002824,0.1198
AR26-10002827,0.1198
AR26-10002830,0.1198
AR26-10002833,0.1198
AR26-10002836,0.1198
AR26-10002854,0.1198
AR26-10002855,0.1198
AR26-10002856,0.1198
AR26-10002862,0.1198
AR26-10002864,0.1198
AR26-10002877,0.1198
AR26-10002884,0.1198
AR26-10002885,0.1198
AR26-10002886,0.1198
AR26-10002887,0.1198
AR26-10002895,0.1198
AR26-10002900,0.1198
AR26-10002902,0.1198
AR26-10002911,0.1198
AR26-10002914,0.1198
AR26-10002916,0.1198
AR26-10002918,0.1198
AR26-10002919,0.1198
AR26-10002922,0.1198
AR26-10002926,0.1198
AR26-10002929,0.1198
AR26-10002935,0.1198
AR26-10002961,0.1198
AR26-10002962,0.1198
AR26-10002964,0.1198
AR26-10002970,0.1198
AR26-10002974,0.1198
AR26-10002978,0.1198
AR26-10002988,0.1198
AR26-10002989,0.1198
AR26-10002990,0.1198
AR26-10002999,0.1198
AR26-10003003,0.1198
AR26-10003009,0.1198
AR26-10003021,0.1198
AR26-10003023,0.1198
AR26-10003024,0.1198
AR26-10003030,0.1198
AR26-10003031,0.1198
AR26-10003035,0.1198
AR26-10003039,0.1198
AR26-10003044,0.1198
AR26-10003049,0.1198
AR26-10003054,0.1198
AR26-10003057,0.1198
AR26-10003067,0.1198
AR26-10003077,0.1198
AR26-10003080,0.1198
AR26-10003083,0.1198
AR26-10003084,0.1198
AR26-10003092,0.1198
AR26-10003103,0.1198
AR26-10003110,0.1198
AR26-10003111,0.1198
AR26-10003124,0.1198
AR26-10003125,0.1198
AR26-10003132,0.1198
AR26-10003133,0.1198
AR26-10003136,0.1198
AR26-10003144,0.1198
AR26-10003150,0.1198
AR26-10003151,0.1198
AR26-10003160,0.1198
AR26-10003161,0.1198
AR26-10003164,0.1198
AR26-10003173,0.1198
AR26-10003176,0.1198
AR26-10003177,0.1198
AR26-10003200,0.1198
AR26-10003204,0.1198
AR26-10003207,0.1198
AR26-10003208,0.1198
AR26-10003225,0.1198
AR26-10003229,0.1198
AR26-10003232,0.1198
AR26-10003242,0.1198
AR26-10003250,0.1198
AR26-10003256,0.1198
AR26-10003258,0.1198
AR26-10003263,0.1198
AR26-10003271,0.1198
AR26-10003276,0.1198
AR26-10003281,0.1198
AR26-10003285,0.1198
AR26-10003292,0.1198
AR26-10003293,0.1198
AR26-10003295,0.1198
AR26-10003296,0.1198
AR26-10003303,0.1198
AR26-10003314,0.1198
AR26-10003317,0.1198
AR26-10003343,0.1198
AR26-10003345,0.1198
AR26-10003351,0.1198
AR26-10003355,0.1198
AR26-10003364,0.1198
AR26-10003372,0.1198
AR26-10003393,0.1198
AR26-10003420,0.1198
AR26-10003442,0.1198
AR26-10003450,0.1198
AR26-10003452,0.1198
AR26-10003469,0.1198
AR26-10003472,0.1198
AR26-10003475,0.1198
AR26-10003483,0.1198
AR26-10003489,0.1198
AR26-10003497,0.1198
AR26-10003500,0.1198
AR26-10003503,0.1198
AR26-10003505,0.1198
AR26-10003512,0.1198
AR26-10003515,0.1198
AR26-10003524,0.1198
AR26-10003525,0.1198
AR26-10003527,0.1198
AR26-10003528,0.1198
AR26-10003529,0.1198
AR26-10003533,0.1198
AR26-10003536,0.1198
AR26-10003548,0.1198
AR26-10003557,0.1198
AR26-10003565,0.1198
AR26-10003566,0.1198
AR26-10003569,0.1198
AR26-10003571,0.1198
AR26-10003576,0.1198
AR26-10003580,0.1198
AR26-10003584,0.1198
AR26-10003588,0.1198
AR26-10003591,0.1198
AR26-10003593,0.1198
AR26-10003594,0.1198
AR26-10003604,0.1198
AR26-10003605,0.1198
AR26-10003608,0.1198
AR26-10003631,0.1198
AR26-10003635,0.1198
AR26-10003643,0.1198
AR26-10003645,0.1198
AR26-10003653,0.1198
AR26-10003661,0.1198
AR26-10003678,0.1198
AR26-10003691,0.1198
AR26-10003696,0.1198
AR26-10003697,0.1198
AR26-10003699,0.1198
AR26-10003705,0.1198
AR26-10003708,0.1198
AR26-10003711,0.1198
AR26-10003712,0.1198
AR26-10003714,0.1198
AR26-10003723,0.1198
AR26-10003725,0.1198
AR26-10003726,0.1198
AR26-10003728,0.1198
AR26-10003730,0.1198
AR26-10003732,0.1198
AR26-10003736,0.1198
AR26-10003746,0.1198
AR26-10003754,0.1198
AR26-10003756,0.1198
AR26-10003766,0.1198
AR26-10003768,0.1198
AR26-10003774,0.1198
AR26-10003777,0.1198
AR26-10003779,0.1198
AR26-10003782,0.1198
AR26-10003787,0.1198
AR26-10003792,0.1198
AR26-10003806,0.1198
AR26-10003811,0.1198
AR26-10003822,0.1198
AR26-10003825,0.1198
AR26-10003828,0.1198
AR26-10003829,0.1198
AR26-10003830,0.1198
AR26-10003837,0.1198
AR26-10003853,0.1198
AR26-10003858,0.1198
AR26-10003872,0.1198
AR26-10003876,0.1198
AR26-10003895,0.1198
AR26-10003900,0.1198
AR26-10003906,0.1198
AR26-10003912,0.1198
AR26-10003921,0.1198
AR26-10003959,0.1198
AR26-10003964,0.1198
AR26-10003973,0.1198
AR26-10003978,0.1198
AR26-10003983,0.1198
AR26-10003996,0.1198
AR26-10003999,0.1198
AR26-10004009,0.1198
AR26-10004012,0.1198
AR26-10004025,0.1198
AR26-10004030,0.1198
AR26-10004037,0.1198
AR26-10004047,0.1198
AR26-10004048,0.1198
AR26-10004060,0.1198
AR26-10004063,0.1198
AR26-10004066,0.1198
AR26-10004071,0.1198
AR26-10004076,0.1198
AR26-10004079,0.1198
AR26-10004082,0.1198
AR26-10004108,0.1198
AR26-10004112,0.1198
AR26-10004115,0.1198
AR26-10004117,0.1198
AR26-10004119,0.1198
AR26-10004121,0.1198
AR26-10004123,0.1198
AR26-10004129,0.1198
AR26-10004139,0.1198
AR26-10004145,0.1198
AR26-10004147,0.1198
AR26-10004159,0.1198
AR26-10004164,0.1198
AR26-10004165,0.1198
AR26-10004166,0.1198
AR26-10004170,0.1198
AR26-10004174,0.1198
AR26-10004181,0.1198
AR26-10004197,0.1198
AR26-10004199,0.1198
AR26-10004207,0.1198
AR26-10004209,0.1198
AR26-10004211,0.1198
AR26-10004215,0.1198
AR26-10004229,0.1198
AR26-10004231,0.1198
AR26-10004233,0.1198
AR26-10004239,0.1198
AR26-10004249,0.1198
AR26-10004250,0.1198
AR26-10004252,0.1198
AR26-10004254,0.1198
AR26-10004256,0.1198
AR26-10004263,0.1198
AR26-10004270,0.1198
AR26-10004290,0.1198
AR26-10004300,0.1198
AR26-10004301,0.1198
AR26-10004304,0.1198
AR26-10004316,0.1198
AR26-10004320,0.1198
AR26-10004321,0.1198
AR26-10004333,0.1198
AR26-10004338,0.1198
AR26-10004340,0.1198
AR26-10004341,0.1198
AR26-10004347,0.1198
AR26-10004353,0.1198
AR26-10004367,0.1198
AR26-10004370,0.1198
AR26-10004378,0.1198
AR26-10004380,0.1198
AR26-10004387,0.1198
AR26-10004400,0.1198
AR26-10004404,0.1198
AR26-10004409,0.1198
AR26-10004416,0.1198
AR26-10004418,0.1198
AR26-10004430,0.1198
AR26-10004431,0.1198
AR26-10004446,0.1198
AR26-10004448,0.1198
AR26-10004463,0.1198
AR26-10004468,0.1198
AR26-10004506,0.1198
AR26-10004507,0.1198
AR26-10004509,0.1198
AR26-10004523,0.1198
AR26-10004529,0.1198
AR26-10004530,0.1198
AR26-10004531,0.1198
AR26-10004534,0.1198
AR26-10004538,0.1198
AR26-10004539,0.1198
AR26-10004549,0.1198
AR26-10004553,0.1198
AR26-10004561,0.1198
AR26-10004566,0.1198
AR26-10004568,0.1198
AR26-10004572,0.1198
AR26-10004581,0.1198
AR26-10004588,0.1198
AR26-10004604,0.1198
AR26-10004606,0.1198
AR26-10004609,0.1198
AR26-10004612,0.1198
AR26-10004621,0.1198
AR26-10004623,0.1198
AR26-10004632,0.1198
AR26-10004637,0.1198
AR26-10004639,0.1198
AR26-10004640,0.1198
AR26-10004656,0.1198
AR26-10004658,0.1198
AR26-10004661,0.1198
AR26-10004672,0.1198
AR26-10004676,0.1198
AR26-10004678,0.1198
AR26-10004685,0.1198
AR26-10004690,0.1198
AR26-10004694,0.1198
AR26-10004699,0.1198
AR26-10004703,0.1198
AR26-10004706,0.1198
AR26-10004720,0.1198
AR26-10004724,0.1198
AR26-10004728,0.1198
AR26-10004733,0.1198
AR26-10004734,0.1198
AR26-10004740,0.1198
AR26-10004746,0.1198
AR26-10004749,0.1198
AR26-10004756,0.1198
AR26-10004757,0.1198
AR26-10004760,0.1198
AR26-10004764,0.1198
AR26-10004777,0.1198
AR26-10004785,0.1198
AR26-10004807,0.1198
AR26-10004808,0.1198
AR26-10004810,0.1198
AR26-10004820,0.1198
AR26-10004831,0.1198
AR26-10004832,0.1198
AR26-10004841,0.1198
AR26-10004851,0.1198
AR26-10004853,0.1198
AR26-10004858,0.1198
AR26-10004863,0.1198
AR26-10004865,0.1198
AR26-10004868,0.1198
AR26-10004887,0.1198
AR26-10004890,0.1198
AR26-10004892,0.1198
AR26-10004901,0.1198
AR26-10004912,0.1198
AR26-10004915,0.1198
AR26-10004929,0.1198
AR26-10004931,0.1198
AR26-10004932,0.1198
AR26-10004943,0.1198
AR26-10004947,0.1198
AR26-10004948,0.1198
AR26-10004953,0.1198
AR26-10004956,0.1198
AR26-10004964,0.1198
AR26-10004969,0.1198
AR26-10004974,0.1198
AR26-10004982,0.1198
AR26-10004990,0.1198
AR26-10004993,0.1198
AR26-10005005,0.1198
AR26-10005010,0.1198
AR26-10005013,0.1198
AR26-10005030,0.1198
AR26-10005033,0.1198
AR26-10005035,0.1198
AR26-10005037,0.1198
AR26-10005043,0.1198
AR26-10005046,0.1198
AR26-10005048,0.1198
AR26-10005051,0.1198
AR26-10005058,0.1198
AR26-10005064,0.1198
AR26-10005067,0.1198
AR26-10005069,0.1198
AR26-10005070,0.1198
AR26-10005071,0.1198
AR26-10005075,0.1198
AR26-10005077,0.1198
AR26-10005078,0.1198
AR26-10005081,0.1198
AR26-10005094,0.1198
AR26-10005096,0.1198
AR26-10005101,0.1198
AR26-10005102,0.1198
AR26-10005104,0.1198
AR26-10005107,0.1198
AR26-10005115,0.1198
AR26-10005120,0.1198
AR26-10005132,0.1198
AR26-10005146,0.1198
AR26-10005159,0.1198
AR26-10005164,0.1198
AR26-10005184,0.1198
AR26-10005186,0.1198
AR26-10005187,0.1198
AR26-10005200,0.1198
AR26-10005211,0.1198
AR26-10005219,0.1198
AR26-10005222,0.1198
AR26-10005225,0.1198
AR26-10005226,0.1198
AR26-10005230,0.1198
AR26-10005231,0.1198
AR26-10005245,0.1198
AR26-10005253,0.1198
AR26-10005255,0.1198
AR26-10005262,0.1198
AR26-10005265,0.1198
AR26-10005266,0.1198
AR26-10005269,0.1198
AR26-10005273,0.1198
AR26-10005283,0.1198
AR26-10005288,0.1198
AR26-10005299,0.1198
AR26-10005316,0.1198
AR26-10005318,0.1198
AR26-10005339,0.1198
AR26-10005349,0.1198
AR26-10005350,0.1198
AR26-10005355,0.1198
AR26-10005357,0.1198
AR26-10005360,0.1198
AR26-10005373,0.1198
AR26-10005380,0.1198
AR26-10005381,0.1198
AR26-10005391,0.1198
AR26-10005393,0.1198
AR26-10005399,0.1198
AR26-10005401,0.1198
AR26-10005422,0.1198
AR26-10005426,0.1198
AR26-10005438,0.1198
AR26-10005441,0.1198
AR26-10005448,0.1198
AR26-10005454,0.1198
AR26-10005465,0.1198
AR26-10005468,0.1198
AR26-10005471,0.1198
AR26-10005474,0.1198
AR26-10005476,0.1198
AR26-10005482,0.1198
AR26-10005492,0.1198
AR26-10005497,0.1198
AR26-10005499,0.1198
AR26-10005502,0.1198
AR26-10005516,0.1198
AR26-10005521,0.1198
AR26-10005524,0.1198
AR26-10005534,0.1198
AR26-10005546,0.1198
AR26-10005548,0.1198
AR26-10005552,0.1198
AR26-10005554,0.1198
AR26-10005555,0.1198
AR26-10005557,0.1198
AR26-10005562,0.1198
AR26-10005563,0.1198
AR26-10005565,0.1198
AR26-10005595,0.1198
AR26-10005598,0.1198
AR26-10005603,0.1198
AR26-10005626,0.1198
AR26-10005635,0.1198
AR26-10005637,0.1198
AR26-10005639,0.1198
AR26-10005643,0.1198
AR26-10005646,0.1198
AR26-10005655,0.1198
AR26-10005658,0.1198
AR26-10005661,0.1198
AR26-10005669,0.1198
AR26-10005679,0.1198
AR26-10005690,0.1198
AR26-10005692,0.1198
AR26-10005694,0.1198
AR26-10005696,0.1198
AR26-10005711,0.1198
AR26-10005723,0.1198
AR26-10005727,0.1198
AR26-10005736,0.1198
AR26-10005743,0.1198
AR26-10005744,0.1198
AR26-10005759,0.1198
AR26-10005764,0.1198
AR26-10005765,0.1198
AR26-10005774,0.1198
AR26-10005788,0.1198
AR26-10005806,0.1198
AR26-10005810,0.1198
AR26-10005813,0.1198
AR26-10005816,0.1198
AR26-10005847,0.1198
AR26-10005854,0.1198
AR26-10005855,0.1198
AR26-10005858,0.1198
AR26-10005862,0.1198
AR26-10005873,0.1198
AR26-10005877,0.1198
AR26-10005879,0.1198
AR26-10005881,0.1198
AR26-10005889,0.1198
AR26-10005902,0.1198
AR26-10005911,0.1198
AR26-10005917,0.1198
AR26-10005920,0.1198
AR26-10005924,0.1198
AR26-10005934,0.1198
AR26-10005942,0.1198
AR26-10005944,0.1198
AR26-10005945,0.1198
AR26-10005948,0.1198
AR26-10005949,0.1198
AR26-10005961,0.1198
AR26-10005967,0.1198
AR26-10005995,0.1198
AR26-10006004,0.1198
AR26-10006011,0.1198
AR26-10006014,0.1198
AR26-10006030,0.1198
AR26-10006037,0.1198
AR26-10006043,0.1198
AR26-10006049,0.1198
AR26-10006052,0.1198
AR26-10006053,0.1198
AR26-10006064,0.1198
AR26-10006065,0.1198
AR26-10006067,0.1198
AR26-10006080,0.1198
AR26-10006087,0.1198
AR26-10006094,0.1198
AR26-10006100,0.1198
AR26-10006105,0.1198
AR26-10006111,0.1198
AR26-10006112,0.1198
AR26-10006123,0.1198
AR26-10006124,0.1198
AR26-10006142,0.1198
AR26-10006146,0.1198
AR26-10006155,0.1198
AR26-10006156,0.1198
AR26-10006163,0.1198
AR26-10006166,0.1198
AR26-10006179,0.1198
AR26-10006184,0.1198
AR26-10006186,0.1198
AR26-10006187,0.1198
AR26-10006197,0.1198
AR26-10006207,0.1198
AR26-10006210,0.1198
AR26-10006218,0.1198
AR26-10006219,0.1198
AR26-10006221,0.1198
AR26-10006230,0.1198
AR26-10006232,0.1198
AR26-10006233,0.1198
AR26-10006244,0.1198
AR26-10006246,0.1198
AR26-10006251,0.1198
AR26-10006252,0.1198
AR26-10006264,0.1198
AR26-10006265,0.1198
AR26-10006271,0.1198
AR26-10006287,0.1198
AR26-10006296,0.1198
AR26-10006311,0.1198
AR26-10006312,0.1198
AR26-10006313,0.1198
AR26-10006314,0.1198
AR26-10006318,0.1198
AR26-10006323,0.1198
AR26-10006330,0.1198
AR26-10006339,0.1198
AR26-10006340,0.1198
AR26-10006341,0.1198
AR26-10006356,0.1198
AR26-10006360,0.1198
AR26-10006362,0.1198
AR26-10006366,0.1198
AR26-10006374,0.1198
AR26-10006376,0.1198
AR26-10006378,0.1198
AR26-10006383,0.1198
AR26-10006393,0.1198
AR26-10006394,0.1198
AR26-10006412,0.1198
AR26-10006418,0.1198
AR26-10006435,0.1198
AR26-10006441,0.1198
AR26-10006442,0.1198
AR26-10006444,0.1198
AR26-10006447,0.1198
AR26-10006450,0.1198
AR26-10006451,0.1198
AR26-10006452,0.1198
AR26-10006463,0.1198
AR26-10006481,0.1198
AR26-10006486,0.1198
AR26-10006494,0.1198
AR26-10006502,0.1198
AR26-10006503,0.1198
AR26-10006509,0.1198
AR26-10006517,0.1198
AR26-10006535,0.1198
AR26-10006537,0.1198
AR26-10006545,0.1198
AR26-10006553,0.1198
AR26-10006566,0.1198
AR26-10006574,0.1198
AR26-10006579,0.1198
AR26-10006580,0.1198
AR26-10006585,0.1198
AR26-10006600,0.1198
AR26-10006610,0.1198
AR26-10006617,0.1198
AR26-10006622,0.1198
AR26-10006629,0.1198
AR26-10006631,0.1198
AR26-10006643,0.1198
AR26-10006644,0.1198
AR26-10006648,0.1198
AR26-10006661,0.1198
AR26-10006663,0.1198
AR26-10006664,0.1198
AR26-10006677,0.1198
AR26-10006686,0.1198
AR26-10006687,0.1198
AR26-10006688,0.1198
AR26-10006691,0.1198
AR26-10006717,0.1198
AR26-10006718,0.1198
AR26-10006719,0.1198
AR26-10006725,0.1198
AR26-10006728,0.1198
AR26-10006729,0.1198
AR26-10006735,0.1198
AR26-10006736,0.1198
AR26-10006739,0.1198
AR26-10006742,0.1198
AR26-10006746,0.1198
AR26-10006753,0.1198
AR26-10006756,0.1198
AR26-10006761,0.1198
AR26-10006766,0.1198
AR26-10006767,0.1198
AR26-10006769,0.1198
AR26-10006770,0.1198
AR26-10006777,0.1198
AR26-10006780,0.1198
AR26-10006785,0.1198
AR26-10006787,0.1198
AR26-10006801,0.1198
AR26-10006802,0.1198
AR26-10006809,0.1198
AR26-10006810,0.1198
AR26-10006817,0.1198
AR26-10006821,0.1198
AR26-10006824,0.1198
AR26-10006828,0.1198
AR26-10006829,0.1198
AR26-10006830,0.1198
AR26-10006831,0.1198
AR26-10006836,0.1198
AR26-10006843,0.1198
AR26-10006848,0.1198
AR26-10006852,0.1198
AR26-10006853,0.1198
AR26-10006856,0.1198
AR26-10006875,0.1198
AR26-10006876,0.1198
AR26-10006897,0.1198
AR26-10006901,0.1198
AR26-10006902,0.1198
AR26-10006904,0.1198
AR26-10006905,0.1198
AR26-10006906,0.1198
AR26-10006908,0.1198
AR26-10006914,0.1198
AR26-10006929,0.1198
AR26-10006930,0.1198
AR26-10006934,0.1198
AR26-10006935,0.1198
AR26-10006947,0.1198
AR26-10006950,0.1198
AR26-10006959,0.1198
AR26-10006962,0.1198
AR26-10006966,0.1198
AR26-10006970,0.1198
AR26-10006990,0.1198
AR26-10006996,0.1198
AR26-10006998,0.1198
AR26-10006999,0.1198
AR26-10007007,0.1198
AR26-10007008,0.1198
AR26-10007015,0.1198
AR26-10007021,0.1198
AR26-10007025,0.1198
AR26-10007032,0.1198
AR26-10007037,0.1198
AR26-10007039,0.1198
AR26-10007040,0.1198
AR26-10007056,0.1198
AR26-10007064,0.1198
AR26-10007069,0.1198
AR26-10007073,0.1198
AR26-10007074,0.1198
AR26-10007093,0.1198
AR26-10007102,0.1198
AR26-10007105,0.1198
AR26-10007108,0.1198
AR26-10007111,0.1198
AR26-10007125,0.1198
AR26-10007137,0.1198
AR26-10007147,0.1198
AR26-10007159,0.1198
AR26-10007166,0.1198
AR26-10007176,0.1198
AR26-10007178,0.1198
AR26-10007179,0.1198
AR26-10007186,0.1198
AR26-10007188,0.1198
AR26-10007195,0.1198
AR26-10007202,0.1198
AR26-10007208,0.1198
AR26-10007209,0.1198
AR26-10007211,0.1198
AR26-10007220,0.1198
AR26-10007222,0.1198
AR26-10007237,0.1198
AR26-10007243,0.1198
AR26-10007245,0.1198
AR26-10007246,0.1198
AR26-10007247,0.1198
AR26-10007252,0.1198
AR26-10007261,0.1198
AR26-10007264,0.1198
AR26-10007267,0.1198
AR26-10007273,0.1198
AR26-10007289,0.1198
AR26-10007295,0.1198
AR26-10007302,0.1198
AR26-10007305,0.1198
AR26-10007306,0.1198
AR26-10007320,0.1198
AR26-10007322,0.1198
AR26-10007325,0.1198
AR26-10007329,0.1198
AR26-10007331,0.1198
AR26-10007339,0.1198
AR26-10007341,0.1198
AR26-10007342,0.1198
AR26-10007343,0.1198
AR26-10007348,0.1198
AR26-10007349,0.1198
AR26-10007350,0.1198
AR26-10007351,0.1198
AR26-10007365,0.1198
AR26-10007366,0.1198
AR26-10007367,0.1198
AR26-10007368,0.1198
AR26-10007375,0.1198
AR26-10007380,0.1198
AR26-10007388,0.1198
AR26-10007391,0.1198
AR26-10007400,0.1198
AR26-10007408,0.1198
AR26-10007412,0.1198
AR26-10007413,0.1198
AR26-10007417,0.1198
AR26-10007420,0.1198
AR26-10007423,0.1198
AR26-10007424,0.1198
AR26-10007430,0.1198
AR26-10007432,0.1198
AR26-10007439,0.1198
AR26-10007440,0.1198
AR26-10007442,0.1198
AR26-10007443,0.1198
AR26-10007447,0.1198
AR26-10007454,0.1198
AR26-10007462,0.1198
AR26-10007477,0.1198
AR26-10007482,0.1198
AR26-10007486,0.1198
AR26-10007493,0.1198
AR26-10007495,0.1198
AR26-10007496,0.1198
AR26-10007504,0.1198
AR26-10007506,0.1198
AR26-10007512,0.1198
AR26-10007516,0.1198
AR26-10007521,0.1198
AR26-10007541,0.1198
AR26-10007542,0.1198
AR26-10007550,0.1198
AR26-10007554,0.1198
AR26-10007557,0.1198
AR26-10007560,0.1198
AR26-10007563,0.1198
AR26-10007571,0.1198
AR26-10007586,0.1198
AR26-10007589,0.1198
AR26-10007597,0.1198
AR26-10007599,0.1198
AR26-10007602,0.1198
AR26-10007609,0.1198
AR26-10007610,0.1198
AR26-10007611,0.1198
AR26-10007622,0.1198
AR26-10007630,0.1198
AR26-10007638,0.1198
AR26-10007652,0.1198
AR26-10007655,0.1198
AR26-10007659,0.1198
AR26-10007661,0.1198
AR26-10007672,0.1198
AR26-10007673,0.1198
AR26-10007689,0.1198
AR26-10007700,0.1198
AR26-10007707,0.1198
AR26-10007713,0.1198
AR26-10007716,0.1198
AR26-10007717,0.1198
AR26-10007719,0.1198
AR26-10007733,0.1198
AR26-10007736,0.1198
AR26-10007737,0.1198
AR26-10007738,0.1198
AR26-10007740,0.1198
AR26-10007742,0.1198
AR26-10007749,0.1198
AR26-10007772,0.1198
AR26-10007778,0.1198
AR26-10007793,0.1198
AR26-10007794,0.1198
AR26-10007808,0.1198
AR26-10007818,0.1198
AR26-10007825,0.1198
AR26-10007833,0.1198
AR26-10007834,0.1198
AR26-10007840,0.1198
AR26-10007845,0.1198
AR26-10007846,0.1198
AR26-10007853,0.1198
AR26-10007864,0.1198
AR26-10007868,0.1198
AR26-10007885,0.1198
AR26-10007893,0.1198
AR26-10007894,0.1198
AR26-10007897,0.1198
AR26-10007900,0.1198
AR26-10007902,0.1198
AR26-10007909,0.1198
AR26-10007912,0.1198
AR26-10007914,0.1198
AR26-10007917,0.1198
AR26-10007937,0.1198
AR26-10007942,0.1198
AR26-10007950,0.1198
AR26-10007955,0.1198
AR26-10007963,0.1198
AR26-10007977,0.1198
AR26-10007982,0.1198
AR26-10007988,0.1198
AR26-10007992,0.1198
AR26-10007996,0.1198
AR26-10008004,0.1198
AR26-10008009,0.1198
AR26-10008011,0.1198
AR26-10008014,0.1198
AR26-10008015,0.1198
AR26-10008021,0.1198
AR26-10008041,0.1198
AR26-10008053,0.1198
AR26-10008058,0.1198
AR26-10008059,0.1198
AR26-10008061,0.1198
AR26-10008062,0.1198
AR26-10008066,0.1198
AR26-10008092,0.1198
AR26-10008102,0.1198
AR26-10008107,0.1198
AR26-10008137,0.1198
AR26-10008153,0.1198
AR26-10008157,0.1198
AR26-10008165,0.1198
AR26-10008169,0.1198
AR26-10008175,0.1198
AR26-10008187,0.1198
AR26-10008192,0.1198
AR26-10008194,0.1198
AR26-10008197,0.1198
AR26-10008216,0.1198
AR26-10008218,0.1198
AR26-10008219,0.1198
AR26-10008220,0.1198
AR26-10008221,0.1198
AR26-10008230,0.1198
AR26-10008239,0.1198
AR26-10008259,0.1198
AR26-10008261,0.1198
AR26-10008270,0.1198
AR26-10008281,0.1198
AR26-10008288,0.1198
AR26-10008294,0.1198
AR26-10008306,0.1198
AR26-10008312,0.1198
AR26-10008315,0.1198
AR26-10008335,0.1198
AR26-10008342,0.1198
AR26-10008344,0.1198
AR26-10008348,0.1198
AR26-10008349,0.1198
AR26-10008352,0.1198
AR26-10008353,0.1198
AR26-10008356,0.1198
AR26-10008357,0.1198
AR26-10008359,0.1198
AR26-10008372,0.1198
AR26-10008375,0.1198
AR26-10008387,0.1198
AR26-10008388,0.1198
AR26-10008394,0.1198
AR26-10008399,0.1198
AR26-10008405,0.1198
AR26-10008417,0.1198
AR26-10008429,0.1198
AR26-10008431,0.1198
AR26-10008441,0.1198
AR26-10008448,0.1198
AR26-10008452,0.1198
AR26-10008453,0.1198
AR26-10008458,0.1198
AR26-10008460,0.1198
AR26-10008468,0.1198
AR26-10008470,0.1198
AR26-10008472,0.1198
AR26-10008477,0.1198
AR26-10008494,0.1198
AR26-10008500,0.1198
AR26-10008505,0.1198
AR26-10008508,0.1198
AR26-10008512,0.1198
AR26-10008536,0.1198
AR26-10008545,0.1198
AR26-10008546,0.1198
AR26-10008556,0.1198
AR26-10008557,0.1198
AR26-10008561,0.1198
AR26-10008573,0.1198
AR26-10008585,0.1198
AR26-10008593,0.1198
AR26-10008598,0.1198
AR26-10008605,0.1198
AR26-10008606,0.1198
AR26-10008614,0.1198
AR26-10008619,0.1198
AR26-10008622,0.1198
AR26-10008625,0.1198
AR26-10008629,0.1198
AR26-10008632,0.1198
AR26-10008635,0.1198
AR26-10008639,0.1198
AR26-10008645,0.1198
AR26-10008647,0.1198
AR26-10008649,0.1198
AR26-10008651,0.1198
AR26-10008653,0.1198
AR26-10008656,0.1198
AR26-10008664,0.1198
AR26-10008665,0.1198
AR26-10008670,0.1198
AR26-10008672,0.1198
AR26-10008677,0.1198
AR26-10008679,0.1198
AR26-10008692,0.1198
AR26-10008696,0.1198
AR26-10008699,0.1198
AR26-10008707,0.1198
AR26-10008713,0.1198
AR26-10008727,0.1198
AR26-10008731,0.1198
AR26-10008732,0.1198
AR26-10008734,0.1198
AR26-10008740,0.1198
AR26-10008741,0.1198
AR26-10008742,0.1198
AR26-10008744,0.1198
AR26-10008746,0.1198
AR26-10008753,0.1198
AR26-10008760,0.1198
AR26-10008764,0.1198
AR26-10008768,0.1198
AR26-10008785,0.1198
AR26-10008786,0.1198
AR26-10008787,0.1198
AR26-10008805,0.1198
AR26-10008807,0.1198
AR26-10008811,0.1198
AR26-10008814,0.1198
AR26-10008816,0.1198
AR26-10008829,0.1198
AR26-10008836,0.1198
AR26-10008838,0.1198
AR26-10008842,0.1198
AR26-10008845,0.1198
AR26-10008846,0.1198
AR26-10008850,0.1198
AR26-10008856,0.1198
AR26-10008861,0.1198
AR26-10008869,0.1198
AR26-10008875,0.1198
AR26-10008878,0.1198
AR26-10008880,0.1198
AR26-10008882,0.1198
AR26-10008889,0.1198
AR26-10008894,0.1198
AR26-10008903,0.1198
AR26-10008912,0.1198
AR26-10008914,0.1198
AR26-10008916,0.1198
AR26-10008920,0.1198
AR26-10008937,0.1198
AR26-10008939,0.1198
AR26-10008943,0.1198
AR26-10008945,0.1198
AR26-10008946,0.1198
AR26-10008952,0.1198
AR26-10008955,0.1198
AR26-10008961,0.1198
AR26-10008969,0.1198
AR26-10008974,0.1198
AR26-10008977,0.1198
AR26-10008978,0.1198
AR26-10008982,0.1198
AR26-10008994,0.1198
AR26-10008996,0.1198
AR26-10008999,0.1198
AR26-10009011,0.1198
AR26-10009013,0.1198
AR26-10009031,0.1198
AR26-10009034,0.1198
AR26-10009036,0.1198
AR26-10009043,0.1198
AR26-10009053,0.1198
AR26-10009058,0.1198
AR26-10009059,0.1198
AR26-10009067,0.1198
AR26-10009071,0.1198
AR26-10009089,0.1198
AR26-10009097,0.1198
AR26-10009111,0.1198
AR26-10009114,0.1198
AR26-10009115,0.1198
AR26-10009118,0.1198
AR26-10009120,0.1198
AR26-10009123,0.1198
AR26-10009134,0.1198
AR26-10009142,0.1198
AR26-10009151,0.1198
AR26-10009162,0.1198
AR26-10009164,0.1198
AR26-10009167,0.1198
AR26-10009168,0.1198
AR26-10009169,0.1198
AR26-10009172,0.1198
AR26-10009173,0.1198
AR26-10009174,0.1198
AR26-10009178,0.1198
AR26-10009189,0.1198
AR26-10009194,0.1198
AR26-10009202,0.1198
AR26-10009208,0.1198
AR26-10009216,0.1198
AR26-10009220,0.1198
AR26-10009224,0.1198
AR26-10009232,0.1198
AR26-10009234,0.1198
AR26-10009236,0.1198
AR26-10009238,0.1198
AR26-10009246,0.1198
AR26-10009247,0.1198
AR26-10009253,0.1198
AR26-10009279,0.1198
AR26-10009280,0.1198
AR26-10009283,0.1198
AR26-10009289,0.1198
AR26-10009301,0.1198
AR26-10009309,0.1198
AR26-10009312,0.1198
AR26-10009321,0.1198
AR26-10009322,0.1198
AR26-10009323,0.1198
AR26-10009326,0.1198
AR26-10009327,0.1198
AR26-10009331,0.1198
AR26-10009339,0.1198
AR26-10009348,0.1198
AR26-10009352,0.1198
AR26-10009362,0.1198
AR26-10009364,0.1198
AR26-10009366,0.1198
AR26-10009371,0.1198
AR26-10009377,0.1198
AR26-10009382,0.1198
AR26-10009388,0.1198
AR26-10009391,0.1198
AR26-10009394,0.1198
AR26-10009406,0.1198
AR26-10009419,0.1198
AR26-10009420,0.1198
AR26-10009421,0.1198
AR26-10009427,0.1198
AR26-10009429,0.1198
AR26-10009433,0.1198
AR26-10009435,0.1198
AR26-10009459,0.1198
AR26-10009460,0.1198
AR26-10009462,0.1198
AR26-10009472,0.1198
AR26-10009475,0.1198
AR26-10009478,0.1198
AR26-10009483,0.1198
AR26-10009491,0.1198
AR26-10009494,0.1198
AR26-10009498,0.1198
AR26-10009499,0.1198
AR26-10009510,0.1198
AR26-10009512,0.1198
AR26-10009520,0.1198
AR26-10009523,0.1198
AR26-10009526,0.1198
AR26-10009527,0.1198
AR26-10009530,0.1198
AR26-10009537,0.1198
AR26-10009541,0.1198
AR26-10009547,0.1198
AR26-10009552,0.1198
AR26-10009572,0.1198
AR26-10009584,0.1198
AR26-10009602,0.1198
AR26-10009607,0.1198
AR26-10009608,0.1198
AR26-10009628,0.1198
AR26-10009637,0.1198
AR26-10009650,0.1198
AR26-10009656,0.1198
AR26-10009658,0.1198
AR26-10009665,0.1198
AR26-10009666,0.1198
AR26-10009670,0.1198
AR26-10009681,0.1198
AR26-10009688,0.1198
AR26-10009689,0.1198
AR26-10009701,0.1198
AR26-10009704,0.1198
AR26-10009710,0.1198
AR26-10009716,0.1198
AR26-10009720,0.1198
AR26-10009721,0.1198
AR26-10009728,0.1198
AR26-10009729,0.1198
AR26-10009731,0.1198
AR26-10009757,0.1198
AR26-10009761,0.1198
AR26-10009763,0.1198
AR26-10009773,0.1198
AR26-10009785,0.1198
AR26-10009789,0.1198
AR26-10009792,0.1198
AR26-10009814,0.1198
AR26-10009821,0.1198
AR26-10009825,0.1198
AR26-10009828,0.1198
AR26-10009829,0.1198
AR26-10009836,0.1198
AR26-10009837,0.1198
AR26-10009840,0.1198
AR26-10009842,0.1198
AR26-10009849,0.1198
AR26-10009858,0.1198
AR26-10009860,0.1198
AR26-10009868,0.1198
AR26-10009869,0.1198
AR26-10009871,0.1198
AR26-10009895,0.1198
AR26-10009925,0.1198
AR26-10009943,0.1198
AR26-10009953,0.1198
AR26-10009955,0.1198
AR26-10009958,0.1198
AR26-10009960,0.1198
AR26-10009968,0.1198
AR26-10009990,0.1198
AR26-10009993,0.1198
AR26-10009996,0.1198
AR26-10010003,0.1198
AR26-10010008,0.1198
AR26-10010021,0.1198
AR26-10010023,0.1198
AR26-10010035,0.1198
AR26-10010041,0.1198
AR26-10010048,0.1198
AR26-10010050,0.1198
AR26-10010051,0.1198
AR26-10010066,0.1198
AR26-10010067,0.1198
AR26-10010068,0.1198
AR26-10010085,0.1198
AR26-10010090,0.1198
AR26-10010091,0.1198
AR26-10010105,0.1198
AR26-10010109,0.1198
AR26-10010118,0.1198
AR26-10010141,0.1198
AR26-10010150,0.1198
AR26-10010171,0.1198
AR26-10010174,0.1198
AR26-10010181,0.1198
AR26-10010197,0.1198
AR26-10010200,0.1198
AR26-10010207,0.1198
AR26-10010213,0.1198
AR26-10010218,0.1198
AR26-10010219,0.1198
AR26-10010229,0.1198
AR26-10010240,0.1198
AR26-10010246,0.1198
AR26-10010267,0.1198
AR26-10010268,0.1198
AR26-10010278,0.1198
AR26-10010280,0.1198
AR26-10010286,0.1198
AR26-10010291,0.1198
AR26-10010293,0.1198
AR26-10010309,0.1198
AR26-10010312,0.1198
AR26-10010318,0.1198
AR26-10010320,0.1198
AR26-10010323,0.1198
AR26-10010326,0.1198
AR26-10010332,0.1198
AR26-10010345,0.1198
AR26-10010358,0.1198
AR26-10010359,0.1198
AR26-10010361,0.1198
AR26-10010362,0.1198
AR26-10010363,0.1198
AR26-10010374,0.1198
AR26-10010378,0.1198
AR26-10010379,0.1198
AR26-10010380,0.1198
AR26-10010386,0.1198
AR26-10010393,0.1198
AR26-10010400,0.1198
AR26-10010401,0.1198
AR26-10010404,0.1198
AR26-10010413,0.1198
AR26-10010414,0.1198
AR26-10010417,0.1198
AR26-10010418,0.1198
AR26-10010440,0.1198
AR26-10010443,0.1198
AR26-10010447,0.1198
AR26-10010459,0.1198
AR26-10010460,0.1198
AR26-10010461,0.1198
AR26-10010467,0.1198
AR26-10010476,0.1198
AR26-10010477,0.1198
AR26-10010479,0.1198
AR26-10010480,0.1198
AR26-10010491,0.1198
AR26-10010495,0.1198
AR26-10010497,0.1198
AR26-10010498,0.1198
AR26-10010499,0.1198
AR26-10010508,0.1198
AR26-10010523,0.1198
AR26-10010530,0.1198
AR26-10010534,0.1198
AR26-10010542,0.1198
AR26-10010547,0.1198
AR26-10010555,0.1198
AR26-10010558,0.1198
AR26-10010561,0.1198
AR26-10010578,0.1198
AR26-10010579,0.1198
AR26-10010580,0.1198
AR26-10010586,0.1198
AR26-10010590,0.1198
AR26-10010591,0.1198
AR26-10010592,0.1198
AR26-10010593,0.1198
AR26-10010612,0.1198
AR26-10010639,0.1198
AR26-10010640,0.1198
AR26-10010658,0.1198
AR26-10010660,0.1198
AR26-10010684,0.1198
AR26-10010696,0.1198
AR26-10010699,0.1198
AR26-10010701,0.1198
AR26-10010702,0.1198
AR26-10010703,0.1198
AR26-10010706,0.1198
AR26-10010711,0.1198
AR26-10010714,0.1198
AR26-10010715,0.1198
AR26-10010716,0.1198
AR26-10010721,0.1198
AR26-10010742,0.1198
AR26-10010746,0.1198
AR26-10010747,0.1198
AR26-10010748,0.1198
AR26-10010751,0.1198
AR26-10010756,0.1198
AR26-10010759,0.1198
AR26-10010766,0.1198
AR26-10010775,0.1198
AR26-10010780,0.1198
AR26-10010784,0.1198
AR26-10010788,0.1198
AR26-10010790,0.1198
AR26-10010801,0.1198
AR26-10010802,0.1198
AR26-10010805,0.1198
AR26-10010834,0.1198
AR26-10010837,0.1198
AR26-10010854,0.1198
AR26-10010863,0.1198
AR26-10010875,0.1198
AR26-10010886,0.1198
AR26-10010888,0.1198
AR26-10010889,0.1198
AR26-10010895,0.1198
AR26-10010910,0.1198
AR26-10010913,0.1198
AR26-10010915,0.1198
AR26-10010948,0.1198
AR26-10010959,0.1198
AR26-10010968,0.1198
AR26-10010972,0.1198
AR26-10010973,0.1198
AR26-10010979,0.1198
AR26-10010986,0.1198
AR26-10010989,0.1198
AR26-10010996,0.1198
AR26-10010999,0.1198
AR26-10011003,0.1198
AR26-10011004,0.1198
AR26-10011008,0.1198
AR26-10011010,0.1198
AR26-10011011,0.1198
AR26-10011015,0.1198
AR26-10011016,0.1198
AR26-10011028,0.1198
AR26-10011037,0.1198
AR26-10011038,0.1198
AR26-10011062,0.1198
AR26-10011067,0.1198
AR26-10011068,0.1198
AR26-10011093,0.1198
AR26-10011105,0.1198
AR26-10011113,0.1198
AR26-10011121,0.1198
AR26-10011144,0.1198
AR26-10011146,0.1198
AR26-10011147,0.1198
AR26-10011166,0.1198
AR26-10011169,0.1198
AR26-10011183,0.1198
AR26-10011184,0.1198
AR26-10011188,0.1198
AR26-10011196,0.1198
AR26-10011207,0.1198
AR26-10011212,0.1198
AR26-10011224,0.1198
AR26-10011226,0.1198
AR26-10011232,0.1198
AR26-10011233,0.1198
AR26-10011234,0.1198
AR26-10011240,0.1198
AR26-10011257,0.1198
AR26-10011259,0.1198
AR26-10011262,0.1198
AR26-10011281,0.1198
AR26-10011284,0.1198
AR26-10011292,0.1198
AR26-10011303,0.1198
AR26-10011311,0.1198
AR26-10011315,0.1198
AR26-10011318,0.1198
AR26-10011325,0.1198
AR26-10011327,0.1198
AR26-10011329,0.1198
AR26-10011332,0.1198
AR26-10011333,0.1198
AR26-10011335,0.1198
AR26-10011344,0.1198
AR26-10011359,0.1198
AR26-10011364,0.1198
AR26-10011378,0.1198
AR26-10011381,0.1198
AR26-10011385,0.1198
AR26-10011391,0.1198
AR26-10011397,0.1198
AR26-10011407,0.1198
AR26-10011412,0.1198
AR26-10011418,0.1198
AR26-10011422,0.1198
AR26-10011423,0.1198
AR26-10011432,0.1198
AR26-10011443,0.1198
AR26-10011457,0.1198
AR26-10011467,0.1198
AR26-10011478,0.1198
AR26-10011482,0.1198
AR26-10011488,0.1198
AR26-10011492,0.1198
AR26-10011497,0.1198
AR26-10011498,0.1198
AR26-10011499,0.1198
AR26-10011520,0.1198
AR26-10011527,0.1198
AR26-10011528,0.1198
AR26-10011536,0.1198
AR26-10011545,0.1198
AR26-10011546,0.1198
AR26-10011553,0.1198
AR26-10011564,0.1198
AR26-10011579,0.1198
AR26-10011585,0.1198
AR26-10011588,0.1198
AR26-10011593,0.1198
AR26-10011595,0.1198
AR26-10011602,0.1198
AR26-10011607,0.1198
AR26-10011617,0.1198
AR26-10011629,0.1198
AR26-10011631,0.1198
AR26-10011638,0.1198
AR26-10011651,0.1198
AR26-10011656,0.1198
AR26-10011662,0.1198
AR26-10011683,0.1198
AR26-10011688,0.1198
AR26-10011692,0.1198
AR26-10011702,0.1198
AR26-10011707,0.1198
AR26-10011719,0.1198
AR26-10011725,0.1198
AR26-10011731,0.1198
AR26-10011736,0.1198
AR26-10011737,0.1198
AR26-10011758,0.1198
AR26-10011761,0.1198
AR26-10011763,0.1198
AR26-10011770,0.1198
AR26-10011772,0.1198
AR26-10011775,0.1198
AR26-10011787,0.1198
AR26-10011791,0.1198
AR26-10011805,0.1198
AR26-10011810,0.1198
AR26-10011811,0.1198
AR26-10011831,0.1198
AR26-10011846,0.1198
AR26-10011850,0.1198
AR26-10011854,0.1198
AR26-10011866,0.1198
AR26-10011871,0.1198
AR26-10011872,0.1198
AR26-10011895,0.1198
AR26-10011896,0.1198
AR26-10011911,0.1198
AR26-10011913,0.1198
AR26-10011917,0.1198
AR26-10011930,0.1198
AR26-10011935,0.1198
AR26-10011936,0.1198
AR26-10011940,0.1198
AR26-10011965,0.1198
AR26-10011966,0.1198
AR26-10011977,0.1198
AR26-10011978,0.1198
AR26-10011980,0.1198
AR26-10011989,0.1198
AR26-10011998,0.1198
AR26-10012000,0.1198
AR26-10012001,0.1198
AR26-10012010,0.1198
AR26-10012020,0.1198
AR26-10012021,0.1198
AR26-10012022,0.1198
AR26-10012031,0.1198
AR26-10012036,0.1198
AR26-10012061,0.1198
AR26-10012062,0.1198
AR26-10012064,0.1198
AR26-10012074,0.1198
AR26-10012075,0.1198
AR26-10012095,0.1198
AR26-10012103,0.1198
AR26-10012108,0.1198
AR26-10012111,0.1198
AR26-10012123,0.1198
AR26-10012131,0.1198
AR26-10012137,0.1198
AR26-10012140,0.1198
AR26-10012152,0.1198
AR26-10012163,0.1198
AR26-10012170,0.1198
AR26-10012179,0.1198
AR26-10012180,0.1198
AR26-10012187,0.1198
AR26-10012201,0.1198
AR26-10012220,0.1198
AR26-10012226,0.1198
AR26-10012232,0.1198
AR26-10012233,0.1198
AR26-10012236,0.1198
AR26-10012266,0.1198
AR26-10012268,0.1198
AR26-10012277,0.1198
AR26-10012279,0.1198
AR26-10012289,0.1198
AR26-10012298,0.1198
AR26-10012299,0.1198
AR26-10012303,0.1198
AR26-10012308,0.1198
AR26-10012314,0.1198
AR26-10012317,0.1198
AR26-10012318,0.1198
AR26-10012321,0.1198
AR26-10012334,0.1198
AR26-10012338,0.1198
AR26-10012345,0.1198
AR26-10012346,0.1198
AR26-10012355,0.1198
AR26-10012356,0.1198
AR26-10012361,0.1198
AR26-10012363,0.1198
AR26-10012364,0.1198
AR26-10012369,0.1198
AR26-10012370,0.1198
AR26-10012372,0.1198
AR26-10012374,0.1198
AR26-10012377,0.1198
AR26-10012385,0.1198
AR26-10012388,0.1198
AR26-10012391,0.1198
AR26-10012392,0.1198
AR26-10012394,0.1198
AR26-10012395,0.1198
AR26-10012401,0.1198
AR26-10012417,0.1198
AR26-10012418,0.1198
AR26-10012419,0.1198
AR26-10012427,0.1198
AR26-10012429,0.1198
AR26-10012432,0.1198
AR26-10012435,0.1198
AR26-10012464,0.1198
AR26-10012468,0.1198
AR26-10012475,0.1198
AR26-10012476,0.1198
AR26-10012482,0.1198
AR26-10012488,0.1198
AR26-10012491,0.1198
AR26-10012495,0.1198
AR26-10012497,0.1198
AR26-10012522,0.1198
AR26-10012530,0.1198
AR26-10012531,0.1198
AR26-10012546,0.1198
AR26-10012552,0.1198
AR26-10012562,0.1198
AR26-10012565,0.1198
AR26-10012579,0.1198
AR26-10012590,0.1198
AR26-10012594,0.1198
AR26-10012596,0.1198
AR26-10012599,0.1198
AR26-10012600,0.1198
AR26-10012607,0.1198
AR26-10012616,0.1198
AR26-10012618,0.1198
AR26-10012630,0.1198
AR26-10012644,0.1198
AR26-10012651,0.1198
AR26-10012654,0.1198
AR26-10012655,0.1198
AR26-10012664,0.1198
AR26-10012676,0.1198
AR26-10012677,0.1198
AR26-10012682,0.1198
AR26-10012688,0.1198
AR26-10012689,0.1198
AR26-10012693,0.1198
AR26-10012705,0.1198
AR26-10012708,0.1198
AR26-10012710,0.1198
AR26-10012711,0.1198
AR26-10012714,0.1198
AR26-10012716,0.1198
AR26-10012728,0.1198
AR26-10012753,0.1198
AR26-10012762,0.1198
AR26-10012765,0.1198
AR26-10012789,0.1198
AR26-10012794,0.1198
AR26-10012808,0.1198
AR26-10012816,0.1198
AR26-10012821,0.1198
AR26-10012830,0.1198
AR26-10012831,0.1198
AR26-10012838,0.1198
AR26-10012841,0.1198
AR26-10012850,0.1198
AR26-10012866,0.1198
AR26-10012867,0.1198
AR26-10012873,0.1198
AR26-10012875,0.1198
AR26-10012881,0.1198
AR26-10012888,0.1198
AR26-10012895,0.1198
AR26-10012904,0.1198
AR26-10012932,0.1198
AR26-10012951,0.1198
AR26-10012953,0.1198
AR26-10012957,0.1198
AR26-10012958,0.1198
AR26-10012964,0.1198
AR26-10012965,0.1198
AR26-10012969,0.1198
AR26-10012971,0.1198
AR26-10012976,0.1198
AR26-10012977,0.1198
AR26-10012982,0.1198
AR26-10012985,0.1198
AR26-10012997,0.1198
AR26-10013006,0.1198
AR26-10013011,0.1198
AR26-10013017,0.1198
AR26-10013018,0.1198
AR26-10013022,0.1198
AR26-10013028,0.1198
AR26-10013029,0.1198
AR26-10013034,0.1198
AR26-10013044,0.1198
AR26-10013049,0.1198
AR26-10013050,0.1198
AR26-10013061,0.1198
AR26-10013064,0.1198
AR26-10013065,0.1198
AR26-10013067,0.1198
AR26-10013088,0.1198
AR26-10013107,0.1198
AR26-10013109,0.1198
AR26-10013123,0.1198
AR26-10013136,0.1198
AR26-10013153,0.1198
AR26-10013161,0.1198
AR26-10013169,0.1198
AR26-10013176,0.1198
AR26-10013181,0.1198
AR26-10013184,0.1198
AR26-10013185,0.1198
AR26-10013190,0.1198
AR26-10013194,0.1198
AR26-10013197,0.1198
AR26-10013213,0.1198
AR26-10013217,0.1198
AR26-10013218,0.1198
AR26-10013221,0.1198
AR26-10013227,0.1198
AR26-10013239,0.1198
AR26-10013243,0.1198
AR26-10013253,0.1198
AR26-10013254,0.1198
AR26-10013255,0.1198
AR26-10013257,0.1198
AR26-10013258,0.1198
AR26-10013262,0.1198
AR26-10013264,0.1198
AR26-10013265,0.1198
AR26-10013269,0.1198
AR26-10013273,0.1198
AR26-10013294,0.1198
AR26-10013298,0.1198
AR26-10013301,0.1198
AR26-10013303,0.1198
AR26-10013308,0.1198
AR26-10013315,0.1198
AR26-10013336,0.1198
AR26-10013338,0.1198
AR26-10013348,0.1198
AR26-10013353,0.1198
AR26-10013358,0.1198
AR26-10013360,0.1198
AR26-10013361,0.1198
AR26-10013368,0.1198
AR26-10013373,0.1198
AR26-10013376,0.1198
AR26-10013383,0.1198
AR26-10013392,0.1198
AR26-10013395,0.1198
AR26-10013415,0.1198
AR26-10013416,0.1198
AR26-10013435,0.1198
AR26-10013441,0.1198
AR26-10013453,0.1198
AR26-10013462,0.1198
AR26-10013468,0.1198
AR26-10013482,0.1198
AR26-10013489,0.1198
AR26-10013491,0.1198
AR26-10013496,0.1198
AR26-10013504,0.1198
AR26-10013505,0.1198
AR26-10013506,0.1198
AR26-10013509,0.1198
AR26-10013519,0.1198
AR26-10013521,0.1198
AR26-10013522,0.1198
AR26-10013526,0.1198
AR26-10013536,0.1198
AR26-10013544,0.1198
AR26-10013547,0.1198
AR26-10013552,0.1198
AR26-10013557,0.1198
AR26-10013578,0.1198
AR26-10013593,0.1198
AR26-10013597,0.1198
AR26-10013602,0.1198
AR26-10013612,0.1198
AR26-10013619,0.1198
AR26-10013621,0.1198
AR26-10013630,0.1198
AR26-10013636,0.1198
AR26-10013646,0.1198
AR26-10013657,0.1198
AR26-10013658,0.1198
AR26-10013683,0.1198
AR26-10013689,0.1198
AR26-10013690,0.1198
AR26-10013707,0.1198
AR26-10013709,0.1198
AR26-10013725,0.1198
AR26-10013732,0.1198
AR26-10013734,0.1198
AR26-10013737,0.1198
AR26-10013749,0.1198
AR26-10013752,0.1198
AR26-10013764,0.1198
AR26-10013771,0.1198
AR26-10013773,0.1198
AR26-10013776,0.1198
AR26-10013781,0.1198
AR26-10013782,0.1198
AR26-10013792,0.1198
AR26-10013800,0.1198
AR26-10013808,0.1198
AR26-10013809,0.1198
AR26-10013815,0.1198
AR26-10013830,0.1198
AR26-10013832,0.1198
AR26-10013833,0.1198
AR26-10013837,0.1198
AR26-10013866,0.1198
AR26-10013873,0.1198
AR26-10013895,0.1198
AR26-10013905,0.1198
AR26-10013915,0.1198
AR26-10013918,0.1198
AR26-10013929,0.1198
AR26-10013938,0.1198
AR26-10013946,0.1198
AR26-10013950,0.1198
AR26-10013953,0.1198
AR26-10013954,0.1198
AR26-10013956,0.1198
AR26-10013959,0.1198
AR26-10013967,0.1198
AR26-10013969,0.1198
AR26-10013976,0.1198
AR26-10013980,0.1198
AR26-10013981,0.1198
AR26-10013985,0.1198
AR26-10013994,0.1198
AR26-10013996,0.1198
AR26-10013998,0.1198
AR26-10014003,0.1198
AR26-10014013,0.1198
AR26-10014030,0.1198
AR26-10014047,0.1198
AR26-10014052,0.1198
AR26-10014068,0.1198
AR26-10014086,0.1198
AR26-10014099,0.1198
AR26-10014111,0.1198
AR26-10014114,0.1198
AR26-10014115,0.1198
AR26-10014119,0.1198
AR26-10014128,0.1198
AR26-10014134,0.1198
AR26-10014142,0.1198
AR26-10014147,0.1198
AR26-10014149,0.1198
AR26-10014161,0.1198
AR26-10014166,0.1198
AR26-10014167,0.1198
AR26-10014178,0.1198
AR26-10014187,0.1198
AR26-10014188,0.1198
AR26-10014190,0.1198
AR26-10014202,0.1198
AR26-10014211,0.1198
AR26-10014218,0.1198
AR26-10014220,0.1198
AR26-10014221,0.1198
AR26-10014227,0.1198
AR26-10014235,0.1198
AR26-10014240,0.1198
AR26-10014244,0.1198
AR26-10014250,0.1198
AR26-10014255,0.1198
AR26-10014256,0.1198
AR26-10014265,0.1198
AR26-10014274,0.1198
AR26-10014278,0.1198
AR26-10014287,0.1198
AR26-10014292,0.1198
AR26-10014294,0.1198
AR26-10014299,0.1198
AR26-10014303,0.1198
AR26-10014321,0.1198
AR26-10014324,0.1198
AR26-10014334,0.1198
AR26-10014345,0.1198
AR26-10014347,0.1198
AR26-10014350,0.1198
AR26-10014368,0.1198
AR26-10014372,0.1198
AR26-10014403,0.1198
AR26-10014405,0.1198
AR26-10014412,0.1198
AR26-10014414,0.1198
AR26-10014427,0.1198
AR26-10014428,0.1198
AR26-10014440,0.1198
AR26-10014442,0.1198
AR26-10014448,0.1198
AR26-10014449,0.1198
AR26-10014453,0.1198
AR26-10014454,0.1198
AR26-10014455,0.1198
AR26-10014459,0.1198
AR26-10014460,0.1198
AR26-10014467,0.1198
AR26-10014469,0.1198
AR26-10014471,0.1198
AR26-10014474,0.1198
AR26-10014487,0.1198
AR26-10014516,0.1198
AR26-10014518,0.1198
AR26-10014521,0.1198
AR26-10014532,0.1198
AR26-10014539,0.1198
AR26-10014541,0.1198
AR26-10014544,0.1198
AR26-10014548,0.1198
AR26-10014556,0.1198
AR26-10014568,0.1198
AR26-10014581,0.1198
AR26-10014584,0.1198
AR26-10014588,0.1198
AR26-10014595,0.1198
AR26-10014597,0.1198
AR26-10014602,0.1198
AR26-10014610,0.1198
AR26-10014611,0.1198
AR26-10014612,0.1198
AR26-10014634,0.1198
AR26-10014638,0.1198
AR26-10014652,0.1198
AR26-10014654,0.1198
AR26-10014662,0.1198
AR26-10014669,0.1198
AR26-10014680,0.1198
AR26-10014694,0.1198
AR26-10014698,0.1198
AR26-10014700,0.1198
AR26-10014704,0.1198
AR26-10014705,0.1198
AR26-10014707,0.1198
AR26-10014708,0.1198
AR26-10014709,0.1198
AR26-10014717,0.1198
AR26-10014720,0.1198
AR26-10014725,0.1198
AR26-10014726,0.1198
AR26-10014727,0.1198
AR26-10014735,0.1198
AR26-10014736,0.1198
AR26-10014747,0.1198
AR26-10014748,0.1198
AR26-10014759,0.1198
AR26-10014760,0.1198
AR26-10014766,0.1198
AR26-10014768,0.1198
AR26-10014771,0.1198
AR26-10014784,0.1198
AR26-10014792,0.1198
AR26-10014793,0.1198
AR26-10014796,0.1198
AR26-10014797,0.1198
AR26-10014798,0.1198
AR26-10014804,0.1198
AR26-10014805,0.1198
AR26-10014807,0.1198
AR26-10014808,0.1198
AR26-10014819,0.1198
AR26-10014824,0.1198
AR26-10014831,0.1198
AR26-10014838,0.1198
AR26-10014847,0.1198
AR26-10014848,0.1198
AR26-10014864,0.1198
AR26-10014885,0.1198
AR26-10014900,0.1198
AR26-10014904,0.1198
AR26-10014907,0.1198
AR26-10014914,0.1198
AR26-10014922,0.1198
AR26-10014931,0.1198
AR26-10014937,0.1198
AR26-10014941,0.1198
AR26-10014946,0.1198
AR26-10014947,0.1198
AR26-10014949,0.1198
AR26-10014952,0.1198
AR26-10014954,0.1198
AR26-10014962,0.1198
AR26-10014967,0.1198
AR26-10014969,0.1198
AR26-10014977,0.1198
AR26-10014979,0.1198
AR26-10014985,0.1198
AR26-10014986,0.1198
AR26-10014991,0.1198
AR26-10014992,0.1198
AR26-10014997,0.1198
AR26-10015000,0.1198
AR26-10015001,0.1198
AR26-10015002,0.1198
AR26-10015003,0.1198
AR26-10015012,0.1198
AR26-10015023,0.1198
AR26-10015029,0.1198
AR26-10015034,0.1198
AR26-10015045,0.1198
AR26-10015056,0.1198
AR26-10015059,0.1198
AR26-10015060,0.1198
AR26-10015064,0.1198
AR26-10015068,0.1198
AR26-10015073,0.1198
AR26-10015076,0.1198
AR26-10015086,0.1198
AR26-10015089,0.1198
AR26-10015092,0.1198
AR26-10015094,0.1198
AR26-10015097,0.1198
AR26-10015111,0.1198
AR26-10015118,0.1198
AR26-10015124,0.1198
AR26-10015125,0.1198
AR26-10015133,0.1198
AR26-10015139,0.1198
AR26-10015141,0.1198
AR26-10015144,0.1198
AR26-10015159,0.1198
AR26-10015188,0.1198
AR26-10015192,0.1198
AR26-10015201,0.1198
AR26-10015203,0.1198
AR26-10015205,0.1198
AR26-10015227,0.1198
AR26-10015229,0.1198
AR26-10015231,0.1198
AR26-10015241,0.1198
AR26-10015243,0.1198
AR26-10015244,0.1198
AR26-10015258,0.1198
AR26-10015262,0.1198
AR26-10015268,0.1198
AR26-10015272,0.1198
AR26-10015280,0.1198
AR26-10015291,0.1198
AR26-10015298,0.1198
AR26-10015302,0.1198
AR26-10015314,0.1198
AR26-10015321,0.1198
AR26-10015331,0.1198
AR26-10015335,0.1198
AR26-10015340,0.1198
AR26-10015342,0.1198
AR26-10015345,0.1198
AR26-10015351,0.1198
AR26-10015384,0.1198
AR26-10015400,0.1198
AR26-10015414,0.1198
AR26-10015416,0.1198
AR26-10015422,0.1198
AR26-10015445,0.1198
AR26-10015446,0.1198
AR26-10015453,0.1198
AR26-10015459,0.1198
AR26-10015461,0.1198
AR26-10015466,0.1198
AR26-10015482,0.1198
AR26-10015489,0.1198
AR26-10015492,0.1198
AR26-10015494,0.1198
AR26-10015505,0.1198
AR26-10015506,0.1198
AR26-10015507,0.1198
AR26-10015520,0.1198
AR26-10015521,0.1198
AR26-10015525,0.1198
AR26-10015551,0.1198
AR26-10015553,0.1198
AR26-10015563,0.1198
AR26-10015565,0.1198
AR26-10015566,0.1198
AR26-10015572,0.1198
AR26-10015574,0.1198
AR26-10015575,0.1198
AR26-10015578,0.1198
AR26-10015585,0.1198
AR26-10015596,0.1198
AR26-10015598,0.1198
AR26-10015599,0.1198
AR26-10015602,0.1198
AR26-10015610,0.1198
AR26-10015611,0.1198
AR26-10015617,0.1198
AR26-10015618,0.1198
AR26-10015620,0.1198
AR26-10015622,0.1198
AR26-10015626,0.1198
AR26-10015627,0.1198
AR26-10015629,0.1198
AR26-10015643,0.1198
AR26-10015653,0.1198
AR26-10015662,0.1198
AR26-10015673,0.1198
AR26-10015680,0.1198
AR26-10015690,0.1198
AR26-10015701,0.1198
AR26-10015707,0.1198
AR26-10015726,0.1198
AR26-10015728,0.1198
AR26-10015733,0.1198
AR26-10015736,0.1198
AR26-10015741,0.1198
AR26-10015744,0.1198
AR26-10015748,0.1198
AR26-10015758,0.1198
AR26-10015761,0.1198
AR26-10015765,0.1198
AR26-10015774,0.1198
AR26-10015782,0.1198
AR26-10015801,0.1198
AR26-10015810,0.1198
AR26-10015819,0.1198
AR26-10015820,0.1198
AR26-10015822,0.1198
AR26-10015833,0.1198
AR26-10015837,0.1198
AR26-10015840,0.1198
AR26-10015842,0.1198
AR26-10015845,0.1198
AR26-10015852,0.1198
AR26-10015857,0.1198
AR26-10015858,0.1198
AR26-10015871,0.1198
AR26-10015873,0.1198
AR26-10015884,0.1198
AR26-10015910,0.1198
AR26-10015912,0.1198
AR26-10015920,0.1198
AR26-10015923,0.1198
AR26-10015930,0.1198
AR26-10015938,0.1198
AR26-10015942,0.1198
AR26-10015947,0.1198
AR26-10015948,0.1198
AR26-10015967,0.1198
AR26-10015975,0.1198
AR26-10015977,0.1198
AR26-10015982,0.1198
AR26-10015983,0.1198
AR26-10015985,0.1198
AR26-10015996,0.1198
AR26-10016001,0.1198
AR26-10016002,0.1198
AR26-10016003,0.1198
AR26-10016008,0.1198
AR26-10016016,0.1198
AR26-10016031,0.1198
AR26-10016037,0.1198
AR26-10016039,0.1198
AR26-10016044,0.1198
AR26-10016050,0.1198
AR26-10016073,0.1198
AR26-10016077,0.1198
AR26-10016088,0.1198
AR26-10016092,0.1198
AR26-10016094,0.1198
AR26-10016121,0.1198
AR26-10016122,0.1198
AR26-10016124,0.1198
AR26-10016126,0.1198
AR26-10016129,0.1198
AR26-10016141,0.1198
AR26-10016145,0.1198
AR26-10016147,0.1198
AR26-10016148,0.1198
AR26-10016150,0.1198
AR26-10016154,0.1198
AR26-10016155,0.1198
AR26-10016156,0.1198
AR26-10016157,0.1198
AR26-10016166,0.1198
AR26-10016169,0.1198
AR26-10016172,0.1198
AR26-10016176,0.1198
AR26-10016178,0.1198
AR26-10016180,0.1198
AR26-10016181,0.1198
AR26-10016183,0.1198
AR26-10016184,0.1198
AR26-10016193,0.1198
AR26-10016194,0.1198
AR26-10016212,0.1198
AR26-10016217,0.1198
AR26-10016218,0.1198
AR26-10016223,0.1198
AR26-10016228,0.1198
AR26-10016239,0.1198
AR26-10016245,0.1198
AR26-10016251,0.1198
AR26-10016255,0.1198
AR26-10016260,0.1198
AR26-10016270,0.1198
AR26-10016272,0.1198
AR26-10016278,0.1198
AR26-10016289,0.1198
AR26-10016290,0.1198
AR26-10016304,0.1198
AR26-10016312,0.1198
AR26-10016313,0.1198
AR26-10016314,0.1198
AR26-10016317,0.1198
AR26-10016319,0.1198
AR26-10016323,0.1198
AR26-10016324,0.1198
AR26-10016326,0.1198
AR26-10016327,0.1198
AR26-10016334,0.1198
AR26-10016340,0.1198
AR26-10016354,0.1198
AR26-10016359,0.1198
AR26-10016362,0.1198
AR26-10016367,0.1198
AR26-10016372,0.1198
AR26-10016375,0.1198
AR26-10016388,0.1198
AR26-10016393,0.1198
AR26-10016398,0.1198
AR26-10016400,0.1198
AR26-10016406,0.1198
AR26-10016420,0.1198
AR26-10016424,0.1198
AR26-10016439,0.1198
AR26-10016446,0.1198
AR26-10016447,0.1198
AR26-10016448,0.1198
AR26-10016465,0.1198
AR26-10016467,0.1198
AR26-10016469,0.1198
AR26-10016471,0.1198
AR26-10016488,0.1198
AR26-10016502,0.1198
AR26-10016510,0.1198
AR26-10016521,0.1198
AR26-10016527,0.1198
AR26-10016535,0.1198
AR26-10016536,0.1198
AR26-10016543,0.1198
AR26-10016545,0.1198
AR26-10016549,0.1198
AR26-10016556,0.1198
AR26-10016557,0.1198
AR26-10016558,0.1198
AR26-10016563,0.1198
AR26-10016574,0.1198
AR26-10016576,0.1198
AR26-10016581,0.1198
AR26-10016582,0.1198
AR26-10016583,0.1198
AR26-10016595,0.1198
AR26-10016613,0.1198
AR26-10016619,0.1198
AR26-10016638,0.1198
AR26-10016639,0.1198
AR26-10016640,0.1198
AR26-10016646,0.1198
AR26-10016648,0.1198
AR26-10016651,0.1198
AR26-10016655,0.1198
AR26-10016659,0.1198
AR26-10016662,0.1198
AR26-10016667,0.1198
AR26-10016670,0.1198
AR26-10016681,0.1198
AR26-10016683,0.1198
AR26-10016696,0.1198
AR26-10016707,0.1198
AR26-10016726,0.1198
AR26-10016731,0.1198
AR26-10016735,0.1198
AR26-10016736,0.1198
AR26-10016738,0.1198
AR26-10016753,0.1198
AR26-10016755,0.1198
AR26-10016759,0.1198
AR26-10016765,0.1198
AR26-10016779,0.1198
AR26-10016780,0.1198
AR26-10016791,0.1198
AR26-10016802,0.1198
AR26-10016810,0.1198
AR26-10016816,0.1198
AR26-10016819,0.1198
AR26-10016828,0.1198
AR26-10016829,0.1198
AR26-10016846,0.1198
AR26-10016873,0.1198
AR26-10016877,0.1198
AR26-10016895,0.1198
AR26-10016899,0.1198
AR26-10016903,0.1198
AR26-10016904,0.1198
AR26-10016908,0.1198
AR26-10016916,0.1198
AR26-10016922,0.1198
AR26-10016938,0.1198
AR26-10016939,0.1198
AR26-10016945,0.1198
AR26-10016951,0.1198
AR26-10016963,0.1198
AR26-10016965,0.1198
AR26-10016978,0.1198
AR26-10016979,0.1198
AR26-10016980,0.1198
AR26-10016982,0.1198
AR26-10016993,0.1198
AR26-10016994,0.1198
AR26-10017003,0.1198
AR26-10017006,0.1198
AR26-10017012,0.1198
AR26-10017013,0.1198
AR26-10017015,0.1198
AR26-10017019,0.1198
AR26-10017021,0.1198
AR26-10017022,0.1198
AR26-10017024,0.1198
AR26-10017025,0.1198
AR26-10017026,0.1198
AR26-10017027,0.1198
AR26-10017028,0.1198
AR26-10017034,0.1198
AR26-10017045,0.1198
AR26-10017046,0.1198
AR26-10017048,0.1198
AR26-10017062,0.1198
AR26-10017063,0.1198
AR26-10017066,0.1198
AR26-10017073,0.1198
AR26-10017078,0.1198
AR26-10017081,0.1198
AR26-10017082,0.1198
AR26-10017091,0.1198
AR26-10017097,0.1198
AR26-10017104,0.1198
AR26-10017106,0.1198
AR26-10017108,0.1198
AR26-10017111,0.1198
AR26-10017112,0.1198
AR26-10017116,0.1198
AR26-10017119,0.1198
AR26-10017120,0.1198
AR26-10017122,0.1198
AR26-10017127,0.1198
AR26-10017128,0.1198
AR26-10017130,0.1198
AR26-10017134,0.1198
AR26-10017138,0.1198
AR26-10017141,0.1198
AR26-10017142,0.1198
AR26-10017156,0.1198
AR26-10017162,0.1198
AR26-10017165,0.1198
AR26-10017166,0.1198
AR26-10017167,0.1198
AR26-10017178,0.1198
AR26-10017185,0.1198
AR26-10017186,0.1198
AR26-10017187,0.1198
AR26-10017194,0.1198
AR26-10017196,0.1198
AR26-10017210,0.1198
AR26-10017216,0.1198
AR26-10017221,0.1198
AR26-10017236,0.1198
AR26-10017240,0.1198
AR26-10017243,0.1198
AR26-10017247,0.1198
AR26-10017250,0.1198
AR26-10017251,0.1198
AR26-10017253,0.1198
AR26-10017257,0.1198
AR26-10017264,0.1198
AR26-10017268,0.1198
AR26-10017274,0.1198
AR26-10017277,0.1198
AR26-10017287,0.1198
AR26-10017297,0.1198
AR26-10017298,0.1198
AR26-10017306,0.1198
AR26-10017308,0.1198
AR26-10017309,0.1198
AR26-10017319,0.1198
AR26-10017323,0.1198
AR26-10017328,0.1198
AR26-10017331,0.1198
AR26-10017334,0.1198
AR26-10017337,0.1198
AR26-10017354,0.1198
AR26-10017356,0.1198
AR26-10017359,0.1198
AR26-10017366,0.1198
AR26-10017367,0.1198
AR26-10017372,0.1198
AR26-10017390,0.1198
AR26-10017403,0.1198
AR26-10017404,0.1198
AR26-10017406,0.1198
AR26-10017425,0.1198
AR26-10017429,0.1198
AR26-10017437,0.1198
AR26-10017444,0.1198
AR26-10017448,0.1198
AR26-10017460,0.1198
AR26-10017465,0.1198
AR26-10017468,0.1198
AR26-10017475,0.1198
AR26-10017480,0.1198
AR26-10017484,0.1198
AR26-10017493,0.1198
AR26-10017500,0.1198
AR26-10017518,0.1198
AR26-10017519,0.1198
AR26-10017523,0.1198
AR26-10017527,0.1198
AR26-10017534,0.1198
AR26-10017539,0.1198
AR26-10017542,0.1198
AR26-10017547,0.1198
AR26-10017550,0.1198
AR26-10017555,0.1198
AR26-10017558,0.1198
AR26-10017560,0.1198
AR26-10017562,0.1198
AR26-10017572,0.1198
AR26-10017580,0.1198
AR26-10017589,0.1198
AR26-10017591,0.1198
AR26-10017596,0.1198
AR26-10017599,0.1198
AR26-10017602,0.1198
AR26-10017605,0.1198
AR26-10017612,0.1198
AR26-10017619,0.1198
AR26-10017623,0.1198
AR26-10017630,0.1198
AR26-10017655,0.1198
AR26-10017658,0.1198
AR26-10017660,0.1198
AR26-10017662,0.1198
AR26-10017670,0.1198
AR26-10017671,0.1198
AR26-10017672,0.1198
AR26-10017674,0.1198
AR26-10017678,0.1198
AR26-10017681,0.1198
AR26-10017682,0.1198
AR26-10017683,0.1198
AR26-10017684,0.1198
AR26-10017698,0.1198
AR26-10017707,0.1198
AR26-10017725,0.1198
AR26-10017726,0.1198
AR26-10017734,0.1198
AR26-10017748,0.1198
AR26-10017769,0.1198
AR26-10017770,0.1198
AR26-10017775,0.1198
AR26-10017777,0.1198
AR26-10017781,0.1198
AR26-10017794,0.1198
AR26-10017799,0.1198
AR26-10017804,0.1198
AR26-10017813,0.1198
AR26-10017821,0.1198
AR26-10017845,0.1198
AR26-10017846,0.1198
AR26-10017860,0.1198
AR26-10017867,0.1198
AR26-10017869,0.1198
AR26-10017870,0.1198
AR26-10017871,0.1198
AR26-10017887,0.1198
AR26-10017893,0.1198
AR26-10017895,0.1198
AR26-10017897,0.1198
AR26-10017904,0.1198
AR26-10017908,0.1198
AR26-10017912,0.1198
AR26-10017915,0.1198
AR26-10017919,0.1198
AR26-10017920,0.1198
AR26-10017926,0.1198
AR26-10017934,0.1198
AR26-10017937,0.1198
AR26-10017939,0.1198
AR26-10017945,0.1198
AR26-10017946,0.1198
AR26-10017952,0.1198
AR26-10017959,0.1198
AR26-10017961,0.1198
AR26-10017963,0.1198
AR26-10017968,0.1198
AR26-10017969,0.1198
AR26-10017980,0.1198
AR26-10017984,0.1198
AR26-10017985,0.1198
AR26-10017992,0.1198
AR26-10018019,0.1198
AR26-10018021,0.1198
AR26-10018037,0.1198
AR26-10018038,0.1198
AR26-10018044,0.1198
AR26-10018054,0.1198
AR26-10018059,0.1198
AR26-10018061,0.1198
AR26-10018064,0.1198
AR26-10018068,0.1198
AR26-10018070,0.1198
AR26-10018080,0.1198
AR26-10018081,0.1198
AR26-10018085,0.1198
AR26-10018091,0.1198
AR26-10018104,0.1198
AR26-10018108,0.1198
AR26-10018109,0.1198
AR26-10018112,0.1198
AR26-10018118,0.1198
AR26-10018124,0.1198
AR26-10018125,0.1198
AR26-10018126,0.1198
AR26-10018127,0.1198
AR26-10018132,0.1198
AR26-10018133,0.1198
AR26-10018134,0.1198
AR26-10018140,0.1198
AR26-10018144,0.1198
AR26-10018151,0.1198
AR26-10018156,0.1198
AR26-10018159,0.1198
AR26-10018160,0.1198
AR26-10018170,0.1198
AR26-10018177,0.1198
AR26-10018187,0.1198
AR26-10018191,0.1198
AR26-10018193,0.1198
AR26-10018199,0.1198
AR26-10018224,0.1198
AR26-10018228,0.1198
AR26-10018229,0.1198
AR26-10018233,0.1198
AR26-10018234,0.1198
AR26-10018249,0.1198
AR26-10018252,0.1198
AR26-10018254,0.1198
AR26-10018259,0.1198
AR26-10018266,0.1198
AR26-10018270,0.1198
AR26-10018273,0.1198
AR26-10018275,0.1198
AR26-10018278,0.1198
AR26-10018287,0.1198
AR26-10018292,0.1198
AR26-10018296,0.1198
AR26-10018301,0.1198
AR26-10018303,0.1198
AR26-10018305,0.1198
AR26-10018311,0.1198
AR26-10018315,0.1198
AR26-10018321,0.1198
AR26-10018325,0.1198
AR26-10018327,0.1198
AR26-10018329,0.1198
AR26-10018336,0.1198
AR26-10018340,0.1198
AR26-10018361,0.1198
AR26-10018362,0.1198
AR26-10018369,0.1198
AR26-10018380,0.1198
AR26-10018393,0.1198
AR26-10018396,0.1198
AR26-10018397,0.1198
AR26-10018401,0.1198
AR26-10018406,0.1198
AR26-10018411,0.1198
AR26-10018418,0.1198
AR26-10018424,0.1198
AR26-10018435,0.1198
AR26-10018442,0.1198
AR26-10018455,0.1198
AR26-10018456,0.1198
AR26-10018460,0.1198
AR26-10018465,0.1198
AR26-10018466,0.1198
AR26-10018472,0.1198
AR26-10018475,0.1198
AR26-10018479,0.1198
AR26-10018485,0.1198
AR26-10018486,0.1198
AR26-10018489,0.1198
AR26-10018490,0.1198
AR26-10018498,0.1198
AR26-10018499,0.1198
AR26-10018509,0.1198
AR26-10018521,0.1198
AR26-10018522,0.1198
AR26-10018523,0.1198
AR26-10018547,0.1198
AR26-10018548,0.1198
AR26-10018552,0.1198
AR26-10018558,0.1198
AR26-10018585,0.1198
AR26-10018587,0.1198
AR26-10018593,0.1198
AR26-10018598,0.1198
AR26-10018607,0.1198
AR26-10018609,0.1198
AR26-10018622,0.1198
AR26-10018623,0.1198
AR26-10018627,0.1198
AR26-10018633,0.1198
AR26-10018634,0.1198
AR26-10018635,0.1198
AR26-10018638,0.1198
AR26-10018640,0.1198
AR26-10018643,0.1198
AR26-10018647,0.1198
AR26-10018668,0.1198
AR26-10018680,0.1198
AR26-10018684,0.1198
AR26-10018688,0.1198
AR26-10018689,0.1198
AR26-10018700,0.1198
AR26-10018714,0.1198
AR26-10018718,0.1198
AR26-10018722,0.1198
AR26-10018727,0.1198
AR26-10018728,0.1198
AR26-10018731,0.1198
AR26-10018736,0.1198
AR26-10018737,0.1198
AR26-10018740,0.1198
AR26-10018750,0.1198
AR26-10018753,0.1198
AR26-10018757,0.1198
AR26-10018758,0.1198
AR26-10018764,0.1198
AR26-10018767,0.1198
AR26-10018774,0.1198
AR26-10018778,0.1198
AR26-10018797,0.1198
AR26-10018801,0.1198
AR26-10018802,0.1198
AR26-10018819,0.1198
AR26-10018822,0.1198
AR26-10018828,0.1198
AR26-10018837,0.1198
AR26-10018842,0.1198
AR26-10018843,0.1198
AR26-10018844,0.1198
AR26-10018854,0.1198
AR26-10018865,0.1198
AR26-10018866,0.1198
AR26-10018869,0.1198
AR26-10018879,0.1198
AR26-10018892,0.1198
AR26-10018898,0.1198
AR26-10018899,0.1198
AR26-10018908,0.1198
AR26-10018910,0.1198
AR26-10018915,0.1198
AR26-10018921,0.1198
AR26-10018922,0.1198
AR26-10018931,0.1198
AR26-10018933,0.1198
AR26-10018948,0.1198
AR26-10018952,0.1198
AR26-10018955,0.1198
AR26-10018973,0.1198
AR26-10018993,0.1198
AR26-10019005,0.1198
AR26-10019010,0.1198
AR26-10019025,0.1198
AR26-10019037,0.1198
AR26-10019047,0.1198
AR26-10019052,0.1198
AR26-10019054,0.1198
AR26-10019074,0.1198
AR26-10019086,0.1198
AR26-10019087,0.1198
AR26-10019096,0.1198
AR26-10019097,0.1198
AR26-10019098,0.1198
AR26-10019103,0.1198
AR26-10019106,0.1198
AR26-10019111,0.1198
AR26-10019112,0.1198
AR26-10019114,0.1198
AR26-10019121,0.1198
AR26-10019122,0.1198
AR26-10019132,0.1198
AR26-10019133,0.1198
AR26-10019138,0.1198
AR26-10019139,0.1198
AR26-10019141,0.1198
AR26-10019143,0.1198
AR26-10019145,0.1198
AR26-10019146,0.1198
AR26-10019147,0.1198
AR26-10019166,0.1198
AR26-10019167,0.1198
AR26-10019169,0.1198
AR26-10019184,0.1198
AR26-10019197,0.1198
AR26-10019200,0.1198
AR26-10019201,0.1198
AR26-10019203,0.1198
AR26-10019205,0.1198
AR26-10019219,0.1198
AR26-10019220,0.1198
AR26-10019226,0.1198
AR26-10019230,0.1198
AR26-10019231,0.1198
AR26-10019232,0.1198
AR26-10019238,0.1198
AR26-10019248,0.1198
AR26-10019258,0.1198
AR26-10019276,0.1198
AR26-10019284,0.1198
AR26-10019288,0.1198
AR26-10019290,0.1198
AR26-10019291,0.1198
AR26-10019294,0.1198
AR26-10019302,0.1198
AR26-10019320,0.1198
AR26-10019325,0.1198
AR26-10019327,0.1198
AR26-10019329,0.1198
AR26-10019344,0.1198
AR26-10019355,0.1198
AR26-10019360,0.1198
AR26-10019370,0.1198
AR26-10019373,0.1198
AR26-10019385,0.1198
AR26-10019397,0.1198
AR26-10019403,0.1198
AR26-10019406,0.1198
AR26-10019407,0.1198
AR26-10019424,0.1198
AR26-10019427,0.1198
AR26-10019431,0.1198
AR26-10019434,0.1198
AR26-10019443,0.1198
AR26-10019447,0.1198
AR26-10019457,0.1198
AR26-10019465,0.1198
AR26-10019470,0.1198
AR26-10019483,0.1198
AR26-10019489,0.1198
AR26-10019490,0.1198
AR26-10019500,0.1198
AR26-10019502,0.1198
AR26-10019503,0.1198
AR26-10019504,0.1198
AR26-10019520,0.1198
AR26-10019526,0.1198
AR26-10019527,0.1198
AR26-10019531,0.1198
AR26-10019534,0.1198
AR26-10019542,0.1198
AR26-10019543,0.1198
AR26-10019549,0.1198
AR26-10019555,0.1198
AR26-10019577,0.1198
AR26-10019578,0.1198
AR26-10019579,0.1198
AR26-10019582,0.1198
AR26-10019583,0.1198
AR26-10019587,0.1198
AR26-10019590,0.1198
AR26-10019591,0.1198
AR26-10019609,0.1198
AR26-10019612,0.1198
AR26-10019617,0.1198
AR26-10019619,0.1198
AR26-10019624,0.1198
AR26-10019626,0.1198
AR26-10019640,0.1198
AR26-10019644,0.1198
AR26-10019650,0.1198
AR26-10019653,0.1198
AR26-10019654,0.1198
AR26-10019666,0.1198
AR26-10019674,0.1198
AR26-10019676,0.1198
AR26-10019677,0.1198
AR26-10019679,0.1198
AR26-10019692,0.1198
AR26-10019694,0.1198
AR26-10019722,0.1198
AR26-10019735,0.1198
AR26-10019747,0.1198
AR26-10019756,0.1198
AR26-10019757,0.1198
AR26-10019766,0.1198
AR26-10019777,0.1198
AR26-10019785,0.1198
AR26-10019787,0.1198
AR26-10019795,0.1198
AR26-10019812,0.1198
AR26-10019813,0.1198
AR26-10019841,0.1198
AR26-10019848,0.1198
AR26-10019849,0.1198
AR26-10019857,0.1198
AR26-10019859,0.1198
AR26-10019869,0.1198
AR26-10019879,0.1198
AR26-10019883,0.1198
AR26-10019887,0.1198
AR26-10019888,0.1198
AR26-10019891,0.1198
AR26-10019892,0.1198
AR26-10019901,0.1198
AR26-10019911,0.1198
AR26-10019914,0.1198
AR26-10019922,0.1198
AR26-10019923,0.1198
AR26-10019927,0.1198
AR26-10019938,0.1198
AR26-10019941,0.1198
AR26-10019959,0.1198
AR26-10019963,0.1198
AR26-10019984,0.1198
AR26-10019985,0.1198
AR26-10019987,0.1198
AR26-10019996,0.1198
AR26-10020001,0.1198
AR26-10020004,0.1198
AR26-10020005,0.1198
AR26-10020014,0.1198
AR26-10020015,0.1198
AR26-10020021,0.1198
AR26-10020022,0.1198
AR26-10020028,0.1198
AR26-10020040,0.1198
AR26-10020041,0.1198
AR26-10020050,0.1198
AR26-10020051,0.1198
AR26-10020053,0.1198
AR26-10020056,0.1198
AR26-10020059,0.1198
AR26-10020066,0.1198
AR26-10020076,0.1198
AR26-10020082,0.1198
AR26-10020095,0.1198
AR26-10020096,0.1198
AR26-10020100,0.1198
AR26-10020102,0.1198
AR26-10020103,0.1198
AR26-10020105,0.1198
AR26-10020111,0.1198
AR26-10020120,0.1198
AR26-10020128,0.1198
AR26-10020129,0.1198
AR26-10020133,0.1198
AR26-10020143,0.1198
AR26-10020147,0.1198
AR26-10020150,0.1198
AR26-10020152,0.1198
AR26-10020163,0.1198
AR26-10020165,0.1198
AR26-10020166,0.1198
AR26-10020173,0.1198
AR26-10020180,0.1198
AR26-10020182,0.1198
AR26-10020183,0.1198
AR26-10020188,0.1198
AR26-10020196,0.1198
AR26-10020207,0.1198
AR26-10020211,0.1198
AR26-10020217,0.1198
AR26-10020221,0.1198
AR26-10020222,0.1198
AR26-10020224,0.1198
AR26-10020225,0.1198
AR26-10020228,0.1198
AR26-10020230,0.1198
AR26-10020233,0.1198
AR26-10020234,0.1198
AR26-10020238,0.1198
AR26-10020245,0.1198
AR26-10020250,0.1198
AR26-10020251,0.1198
AR26-10020253,0.1198
AR26-10020257,0.1198
AR26-10020258,0.1198
AR26-10020260,0.1198
AR26-10020264,0.1198
AR26-10020269,0.1198
AR26-10020285,0.1198
AR26-10020286,0.1198
AR26-10020288,0.1198
AR26-10020295,0.1198
AR26-10020296,0.1198
AR26-10020297,0.1198
AR26-10020301,0.1198
AR26-10020311,0.1198
AR26-10020312,0.1198
AR26-10020315,0.1198
AR26-10020319,0.1198
AR26-10020331,0.1198
AR26-10020332,0.1198
AR26-10020336,0.1198
AR26-10020341,0.1198
AR26-10020347,0.1198
AR26-10020354,0.1198
AR26-10020360,0.1198
AR26-10020371,0.1198
AR26-10020376,0.1198
AR26-10020377,0.1198
AR26-10020382,0.1198
AR26-10020388,0.1198
AR26-10020402,0.1198
AR26-10020404,0.1198
AR26-10020422,0.1198
AR26-10020425,0.1198
AR26-10020438,0.1198
AR26-10020441,0.1198
AR26-10020443,0.1198
AR26-10020448,0.1198
AR26-10020451,0.1198
AR26-10020453,0.1198
AR26-10020459,0.1198
AR26-10020460,0.1198
AR26-10020466,0.1198
AR26-10020469,0.1198
AR26-10020470,0.1198
AR26-10020485,0.1198
AR26-10020487,0.1198
AR26-10020492,0.1198
AR26-10020494,0.1198
AR26-10020512,0.1198
AR26-10020521,0.1198
AR26-10020522,0.1198
AR26-10020523,0.1198
AR26-10020538,0.1198
AR26-10020540,0.1198
AR26-10020547,0.1198
AR26-10020549,0.1198
AR26-10020552,0.1198
AR26-10020565,0.1198
AR26-10020568,0.1198
AR26-10020569,0.1198
AR26-10020570,0.1198
AR26-10020571,0.1198
AR26-10020582,0.1198
AR26-10020590,0.1198
AR26-10020595,0.1198
AR26-10020598,0.1198
AR26-10020606,0.1198
AR26-10020608,0.1198
AR26-10020609,0.1198
AR26-10020620,0.1198
AR26-10020626,0.1198
AR26-10020627,0.1198
AR26-10020634,0.1198
AR26-10020637,0.1198
AR26-10020643,0.1198
AR26-10020644,0.1198
AR26-10020645,0.1198
AR26-10020653,0.1198
AR26-10020656,0.1198
AR26-10020660,0.1198
AR26-10020664,0.1198
AR26-10020666,0.1198
AR26-10020674,0.1198
AR26-10020675,0.1198
AR26-10020680,0.1198
AR26-10020681,0.1198
AR26-10020691,0.1198
AR26-10020704,0.1198
AR26-10020706,0.1198
AR26-10020708,0.1198
AR26-10020732,0.1198
AR26-10020736,0.1198
AR26-10020752,0.1198
AR26-10020753,0.1198
AR26-10020755,0.1198
AR26-10020760,0.1198
AR26-10020761,0.1198
AR26-10020762,0.1198
AR26-10020770,0.1198
AR26-10020771,0.1198
AR26-10020778,0.1198
AR26-10020789,0.1198
AR26-10020793,0.1198
AR26-10020796,0.1198
AR26-10020797,0.1198
AR26-10020798,0.1198
AR26-10020815,0.1198
AR26-10020820,0.1198
AR26-10020829,0.1198
AR26-10020834,0.1198
AR26-10020855,0.1198
AR26-10020859,0.1198
AR26-10020866,0.1198
AR26-10020867,0.1198
AR26-10020872,0.1198
AR26-10020882,0.1198
AR26-10020884,0.1198
AR26-10020888,0.1198
AR26-10020891,0.1198
AR26-10020893,0.1198
AR26-10020900,0.1198
AR26-10020903,0.1198
AR26-10020909,0.1198
AR26-10020914,0.1198
AR26-10020927,0.1198
AR26-10020933,0.1198
AR26-10020943,0.1198
AR26-10020947,0.1198
AR26-10020952,0.1198
AR26-10020953,0.1198
AR26-10020956,0.1198
AR26-10020964,0.1198
AR26-10020969,0.1198
AR26-10020970,0.1198
AR26-10020975,0.1198
AR26-10020976,0.1198
AR26-10020978,0.1198
AR26-10020980,0.1198
AR26-10020981,0.1198
AR26-10020992,0.1198
AR26-10020994,0.1198
AR26-10020997,0.1198
AR26-10020999,0.1198
AR26-10021001,0.1198
AR26-10021003,0.1198
AR26-10021009,0.1198
AR26-10021011,0.1198
AR26-10021019,0.1198
AR26-10021021,0.1198
AR26-10021022,0.1198
AR26-10021024,0.1198
AR26-10021035,0.1198
AR26-10021039,0.1198
AR26-10021042,0.1198
AR26-10021058,0.1198
AR26-10021067,0.1198
AR26-10021071,0.1198
AR26-10021072,0.1198
AR26-10021076,0.1198
AR26-10021078,0.1198
AR26-10021086,0.1198
AR26-10021098,0.1198
AR26-10021105,0.1198
AR26-10021109,0.1198
AR26-10021117,0.1198
AR26-10021124,0.1198
AR26-10021126,0.1198
AR26-10021137,0.1198
AR26-10021150,0.1198
AR26-10021154,0.1198
AR26-10021159,0.1198
AR26-10021166,0.1198
AR26-10021167,0.1198
AR26-10021169,0.1198
AR26-10021173,0.1198
AR26-10021176,0.1198
AR26-10021178,0.1198
AR26-10021187,0.1198
AR26-10021188,0.1198
AR26-10021189,0.1198
AR26-10021190,0.1198
AR26-10021205,0.1198
AR26-10021217,0.1198
AR26-10021224,0.1198
AR26-10021238,0.1198
AR26-10021246,0.1198
AR26-10021262,0.1198
AR26-10021270,0.1198
AR26-10021274,0.1198
AR26-10021275,0.1198
AR26-10021278,0.1198
AR26-10021284,0.1198
AR26-10021285,0.1198
AR26-10021290,0.1198
AR26-10021294,0.1198
AR26-10021299,0.1198
AR26-10021301,0.1198
AR26-10021304,0.1198
AR26-10021308,0.1198
AR26-10021311,0.1198
AR26-10021318,0.1198
AR26-10021323,0.1198
AR26-10021326,0.1198
AR26-10021327,0.1198
AR26-10021331,0.1198
AR26-10021345,0.1198
AR26-10021360,0.1198
AR26-10021366,0.1198
AR26-10021378,0.1198
AR26-10021380,0.1198
AR26-10021385,0.1198
AR26-10021386,0.1198
AR26-10021397,0.1198
AR26-10021400,0.1198
AR26-10021401,0.1198
AR26-10021403,0.1198
AR26-10021410,0.1198
AR26-10021414,0.1198
AR26-10021415,0.1198
AR26-10021423,0.1198
AR26-10021430,0.1198
AR26-10021432,0.1198
AR26-10021433,0.1198
AR26-10021443,0.1198
AR26-10021446,0.1198
AR26-10021449,0.1198
AR26-10021452,0.1198
AR26-10021453,0.1198
AR26-10021458,0.1198
AR26-10021459,0.1198
AR26-10021476,0.1198
AR26-10021477,0.1198
AR26-10021478,0.1198
AR26-10021479,0.1198
AR26-10021497,0.1198
AR26-10021511,0.1198
AR26-10021521,0.1198
AR26-10021524,0.1198
AR26-10021526,0.1198
AR26-10021528,0.1198
AR26-10021532,0.1198
AR26-10021536,0.1198
AR26-10021541,0.1198
AR26-10021552,0.1198
AR26-10021559,0.1198
AR26-10021562,0.1198
AR26-10021567,0.1198
AR26-10021589,0.1198
AR26-10021592,0.1198
AR26-10021593,0.1198
AR26-10021606,0.1198
AR26-10021612,0.1198
AR26-10021614,0.1198
AR26-10021616,0.1198
AR26-10021621,0.1198
AR26-10021632,0.1198
AR26-10021641,0.1198
AR26-10021668,0.1198
AR26-10021669,0.1198
AR26-10021674,0.1198
AR26-10021680,0.1198
AR26-10021683,0.1198
AR26-10021685,0.1198
AR26-10021692,0.1198
AR26-10021694,0.1198
AR26-10021695,0.1198
AR26-10021711,0.1198
AR26-10021712,0.1198
AR26-10021715,0.1198
AR26-10021716,0.1198
AR26-10021718,0.1198
AR26-10021743,0.1198
AR26-10021747,0.1198
AR26-10021760,0.1198
AR26-10021785,0.1198
AR26-10021789,0.1198
AR26-10021802,0.1198
AR26-10021818,0.1198
AR26-10021823,0.1198
AR26-10021829,0.1198
AR26-10021832,0.1198
AR26-10021834,0.1198
AR26-10021837,0.1198
AR26-10021840,0.1198
AR26-10021841,0.1198
AR26-10021860,0.1198
AR26-10021867,0.1198
AR26-10021870,0.1198
AR26-10021872,0.1198
AR26-10021875,0.1198
AR26-10021877,0.1198
AR26-10021883,0.1198
AR26-10021889,0.1198
AR26-10021902,0.1198
AR26-10021918,0.1198
AR26-10021923,0.1198
AR26-10021924,0.1198
AR26-10021925,0.1198
AR26-10021931,0.1198
AR26-10021932,0.1198
AR26-10021967,0.1198
AR26-10021969,0.1198
AR26-10021983,0.1198
AR26-10021993,0.1198
AR26-10021995,0.1198
AR26-10022005,0.1198
AR26-10022012,0.1198
AR26-10022020,0.1198
AR26-10022033,0.1198
AR26-10022035,0.1198
AR26-10022043,0.1198
AR26-10022048,0.1198
AR26-10022052,0.1198
AR26-10022057,0.1198
AR26-10022067,0.1198
AR26-10022069,0.1198
AR26-10022072,0.1198
AR26-10022082,0.1198
AR26-10022083,0.1198
AR26-10022085,0.1198
AR26-10022087,0.1198
AR26-10022088,0.1198
AR26-10022097,0.1198
AR26-10022101,0.1198
AR26-10022102,0.1198
AR26-10022104,0.1198
AR26-10022109,0.1198
AR26-10022125,0.1198
AR26-10022126,0.1198
AR26-10022131,0.1198
AR26-10022133,0.1198
AR26-10022136,0.1198
AR26-10022138,0.1198
AR26-10022146,0.1198
AR26-10022155,0.1198
AR26-10022161,0.1198
AR26-10022165,0.1198
AR26-10022172,0.1198
AR26-10022175,0.1198
AR26-10022177,0.1198
AR26-10022180,0.1198
AR26-10022181,0.1198
AR26-10022183,0.1198
AR26-10022185,0.1198
AR26-10022187,0.1198
AR26-10022192,0.1198
AR26-10022197,0.1198
AR26-10022200,0.1198
AR26-10022205,0.1198
AR26-10022212,0.1198
AR26-10022213,0.1198
AR26-10022223,0.1198
AR26-10022235,0.1198
AR26-10022238,0.1198
AR26-10022240,0.1198
AR26-10022242,0.1198
AR26-10022251,0.1198
AR26-10022253,0.1198
AR26-10022255,0.1198
AR26-10022262,0.1198
AR26-10022266,0.1198
AR26-10022272,0.1198
AR26-10022278,0.1198
AR26-10022293,0.1198
AR26-10022295,0.1198
AR26-10022324,0.1198
AR26-10022332,0.1198
AR26-10022361,0.1198
AR26-10022364,0.1198
AR26-10022366,0.1198
AR26-10022368,0.1198
AR26-10022370,0.1198
AR26-10022385,0.1198
AR26-10022386,0.1198
AR26-10022397,0.1198
AR26-10022399,0.1198
AR26-10022414,0.1198
AR26-10022418,0.1198
AR26-10022427,0.1198
AR26-10022430,0.1198
AR26-10022433,0.1198
AR26-10022445,0.1198
AR26-10022458,0.1198
AR26-10022459,0.1198
AR26-10022460,0.1198
AR26-10022468,0.1198
AR26-10022471,0.1198
AR26-10022472,0.1198
AR26-10022475,0.1198
AR26-10022480,0.1198
AR26-10022482,0.1198
AR26-10022483,0.1198
AR26-10022490,0.1198
AR26-10022493,0.1198
AR26-10022494,0.1198
AR26-10022498,0.1198
AR26-10022511,0.1198
AR26-10022513,0.1198
AR26-10022518,0.1198
AR26-10022520,0.1198
AR26-10022524,0.1198
AR26-10022526,0.1198
AR26-10022533,0.1198
AR26-10022552,0.1198
AR26-10022559,0.1198
AR26-10022564,0.1198
AR26-10022570,0.1198
AR26-10022571,0.1198
AR26-10022576,0.1198
AR26-10022578,0.1198
AR26-10022594,0.1198
AR26-10022606,0.1198
AR26-10022607,0.1198
AR26-10022610,0.1198
AR26-10022623,0.1198
AR26-10022625,0.1198
AR26-10022631,0.1198
AR26-10022634,0.1198
AR26-10022644,0.1198
AR26-10022647,0.1198
AR26-10022649,0.1198
AR26-10022651,0.1198
AR26-10022658,0.1198
AR26-10022659,0.1198
AR26-10022660,0.1198
AR26-10022663,0.1198
AR26-10022666,0.1198
AR26-10022682,0.1198
AR26-10022683,0.1198
AR26-10022684,0.1198
AR26-10022685,0.1198
AR26-10022687,0.1198
AR26-10022702,0.1198
AR26-10022703,0.1198
AR26-10022705,0.1198
AR26-10022715,0.1198
AR26-10022719,0.1198
AR26-10022720,0.1198
AR26-10022724,0.1198
AR26-10022727,0.1198
AR26-10022739,0.1198
AR26-10022741,0.1198
AR26-10022750,0.1198
AR26-10022751,0.1198
AR26-10022752,0.1198
AR26-10022759,0.1198
AR26-10022760,0.1198
AR26-10022766,0.1198
AR26-10022767,0.1198
AR26-10022780,0.1198
AR26-10022785,0.1198
AR26-10022821,0.1198
AR26-10022822,0.1198
AR26-10022830,0.1198
AR26-10022833,0.1198
AR26-10022834,0.1198
AR26-10022837,0.1198
AR26-10022838,0.1198
AR26-10022843,0.1198
AR26-10022850,0.1198
AR26-10022852,0.1198
AR26-10022858,0.1198
AR26-10022865,0.1198
AR26-10022866,0.1198
AR26-10022869,0.1198
AR26-10022886,0.1198
AR26-10022900,0.1198
AR26-10022908,0.1198
AR26-10022909,0.1198
AR26-10022912,0.1198
AR26-10022913,0.1198
AR26-10022915,0.1198
AR26-10022921,0.1198
AR26-10022922,0.1198
AR26-10022923,0.1198
AR26-10022924,0.1198
AR26-10022925,0.1198
AR26-10022928,0.1198
AR26-10022936,0.1198
AR26-10022938,0.1198
AR26-10022940,0.1198
AR26-10022945,0.1198
AR26-10022946,0.1198
AR26-10022955,0.1198
AR26-10022968,0.1198
AR26-10022970,0.1198
AR26-10022976,0.1198
AR26-10022986,0.1198
AR26-10023003,0.1198
AR26-10023006,0.1198
AR26-10023009,0.1198
AR26-10023013,0.1198
AR26-10023015,0.1198
AR26-10023026,0.1198
AR26-10023029,0.1198
AR26-10023037,0.1198
AR26-10023045,0.1198
AR26-10023060,0.1198
AR26-10023074,0.1198
AR26-10023084,0.1198
AR26-10023087,0.1198
AR26-10023092,0.1198
AR26-10023100,0.1198
AR26-10023102,0.1198
AR26-10023107,0.1198
AR26-10023109,0.1198
AR26-10023117,0.1198
AR26-10023126,0.1198
AR26-10023127,0.1198
AR26-10023131,0.1198
AR26-10023139,0.1198
AR26-10023151,0.1198
AR26-10023162,0.1198
AR26-10023170,0.1198
AR26-10023178,0.1198
AR26-10023181,0.1198
AR26-10023184,0.1198
AR26-10023194,0.1198
AR26-10023203,0.1198
AR26-10023212,0.1198
AR26-10023222,0.1198
AR26-10023233,0.1198
AR26-10023234,0.1198
AR26-10023239,0.1198
AR26-10023250,0.1198
AR26-10023253,0.1198
AR26-10023261,0.1198
AR26-10023265,0.1198
AR26-10023274,0.1198
AR26-10023278,0.1198
AR26-10023284,0.1198
AR26-10023286,0.1198
AR26-10023289,0.1198
AR26-10023296,0.1198
AR26-10023301,0.1198
AR26-10023304,0.1198
AR26-10023314,0.1198
AR26-10023321,0.1198
AR26-10023322,0.1198
AR26-10023324,0.1198
AR26-10023326,0.1198
AR26-10023327,0.1198
AR26-10023336,0.1198
AR26-10023338,0.1198
AR26-10023340,0.1198
AR26-10023344,0.1198
AR26-10023355,0.1198
AR26-10023367,0.1198
AR26-10023381,0.1198
AR26-10023387,0.1198
AR26-10023397,0.1198
AR26-10023400,0.1198
AR26-10023404,0.1198
AR26-10023417,0.1198
AR26-10023420,0.1198
AR26-10023423,0.1198
AR26-10023429,0.1198
AR26-10023430,0.1198
AR26-10023432,0.1198
AR26-10023434,0.1198
AR26-10023437,0.1198
AR26-10023442,0.1198
AR26-10023443,0.1198
AR26-10023445,0.1198
AR26-10023453,0.1198
AR26-10023457,0.1198
AR26-10023464,0.1198
AR26-10023471,0.1198
AR26-10023476,0.1198
AR26-10023486,0.1198
AR26-10023490,0.1198
AR26-10023494,0.1198
AR26-10023495,0.1198
AR26-10023503,0.1198
AR26-10023507,0.1198
AR26-10023521,0.1198
AR26-10023525,0.1198
AR26-10023529,0.1198
AR26-10023532,0.1198
AR26-10023537,0.1198
AR26-10023546,0.1198
AR26-10023547,0.1198
AR26-10023550,0.1198
AR26-10023556,0.1198
AR26-10023559,0.1198
AR26-10023562,0.1198
AR26-10023570,0.1198
AR26-10023582,0.1198
AR26-10023585,0.1198
AR26-10023586,0.1198
AR26-10023587,0.1198
AR26-10023589,0.1198
AR26-10023590,0.1198
AR26-10023595,0.1198
AR26-10023597,0.1198
AR26-10023618,0.1198
AR26-10023619,0.1198
AR26-10023624,0.1198
AR26-10023634,0.1198
AR26-10023635,0.1198
AR26-10023644,0.1198
AR26-10023646,0.1198
AR26-10023647,0.1198
AR26-10023648,0.1198
AR26-10023649,0.1198
AR26-10023654,0.1198
AR26-10023657,0.1198
AR26-10023658,0.1198
AR26-10023660,0.1198
AR26-10023666,0.1198
AR26-10023677,0.1198
AR26-10023680,0.1198
AR26-10023687,0.1198
AR26-10023710,0.1198
AR26-10023717,0.1198
AR26-10023720,0.1198
AR26-10023723,0.1198
AR26-10023724,0.1198
AR26-10023740,0.1198
AR26-10023756,0.1198
AR26-10023757,0.1198
AR26-10023760,0.1198
AR26-10023762,0.1198
AR26-10023763,0.1198
AR26-10023771,0.1198
AR26-10023783,0.1198
AR26-10023788,0.1198
AR26-10023804,0.1198
AR26-10023805,0.1198
AR26-10023809,0.1198
AR26-10023810,0.1198
AR26-10023844,0.1198
AR26-10023846,0.1198
AR26-10023850,0.1198
AR26-10023861,0.1198
AR26-10023884,0.1198
AR26-10023887,0.1198
AR26-10023895,0.1198
AR26-10023896,0.1198
AR26-10023901,0.1198
AR26-10023903,0.1198
AR26-10023904,0.1198
AR26-10023907,0.1198
AR26-10023913,0.1198
AR26-10023917,0.1198
AR26-10023924,0.1198
AR26-10023926,0.1198
AR26-10023929,0.1198
AR26-10023932,0.1198
AR26-10023936,0.1198
AR26-10023938,0.1198
AR26-10023941,0.1198
AR26-10023947,0.1198
AR26-10023952,0.1198
AR26-10023959,0.1198
AR26-10023960,0.1198
AR26-10023961,0.1198
AR26-10023967,0.1198
AR26-10023972,0.1198
AR26-10023973,0.1198
AR26-10023975,0.1198
AR26-10024002,0.1198
AR26-10024013,0.1198
AR26-10024019,0.1198
AR26-10024021,0.1198
AR26-10024030,0.1198
AR26-10024035,0.1198
AR26-10024040,0.1198
AR26-10024041,0.1198
AR26-10024060,0.1198
AR26-10024066,0.1198
AR26-10024072,0.1198
AR26-10024076,0.1198
AR26-10024078,0.1198
AR26-10024085,0.1198
AR26-10024093,0.1198
AR26-10024098,0.1198
AR26-10024109,0.1198
AR26-10024116,0.1198
AR26-10024118,0.1198
AR26-10024137,0.1198
AR26-10024142,0.1198
AR26-10024144,0.1198
AR26-10024145,0.1198
AR26-10024160,0.1198
AR26-10024166,0.1198
AR26-10024172,0.1198
AR26-10024175,0.1198
AR26-10024178,0.1198
AR26-10024187,0.1198
AR26-10024190,0.1198
AR26-10024210,0.1198
AR26-10024214,0.1198
AR26-10024221,0.1198
AR26-10024228,0.1198
AR26-10024231,0.1198
AR26-10024235,0.1198
AR26-10024240,0.1198
AR26-10024246,0.1198
AR26-10024248,0.1198
AR26-10024249,0.1198
AR26-10024252,0.1198
AR26-10024253,0.1198
AR26-10024255,0.1198
AR26-10024259,0.1198
AR26-10024260,0.1198
AR26-10024261,0.1198
AR26-10024265,0.1198
AR26-10024271,0.1198
AR26-10024302,0.1198
AR26-10024303,0.1198
AR26-10024304,0.1198
AR26-10024312,0.1198
AR26-10024317,0.1198
AR26-10024323,0.1198
AR26-10024327,0.1198
AR26-10024330,0.1198
AR26-10024333,0.1198
AR26-10024344,0.1198
AR26-10024351,0.1198
AR26-10024353,0.1198
AR26-10024355,0.1198
AR26-10024359,0.1198
AR26-10024367,0.1198
AR26-10024368,0.1198
AR26-10024369,0.1198
AR26-10024371,0.1198
AR26-10024385,0.1198
AR26-10024392,0.1198
AR26-10024394,0.1198
AR26-10024396,0.1198
AR26-10024400,0.1198
AR26-10024409,0.1198
AR26-10024414,0.1198
AR26-10024418,0.1198
AR26-10024429,0.1198
AR26-10024432,0.1198
AR26-10024435,0.1198
AR26-10024441,0.1198
AR26-10024445,0.1198
AR26-10024448,0.1198
AR26-10024450,0.1198
AR26-10024453,0.1198
AR26-10024455,0.1198
AR26-10024460,0.1198
AR26-10024462,0.1198
AR26-10024463,0.1198
AR26-10024471,0.1198
AR26-10024474,0.1198
AR26-10024475,0.1198
AR26-10024490,0.1198
AR26-10024493,0.1198
AR26-10024495,0.1198
AR26-10024500,0.1198
AR26-10024503,0.1198
AR26-10024505,0.1198
AR26-10024523,0.1198
AR26-10024542,0.1198
AR26-10024544,0.1198
AR26-10024546,0.1198
AR26-10024547,0.1198
AR26-10024549,0.1198
AR26-10024550,0.1198
AR26-10024581,0.1198
AR26-10024584,0.1198
AR26-10024588,0.1198
AR26-10024598,0.1198
AR26-10024601,0.1198
AR26-10024603,0.1198
AR26-10024606,0.1198
AR26-10024612,0.1198
AR26-10024629,0.1198
AR26-10024632,0.1198
AR26-10024643,0.1198
AR26-10024652,0.1198
AR26-10024668,0.1198
AR26-10024671,0.1198
AR26-10024680,0.1198
AR26-10024684,0.1198
AR26-10024701,0.1198
AR26-10024715,0.1198
AR26-10024719,0.1198
AR26-10024725,0.1198
AR26-10024726,0.1198
AR26-10024732,0.1198
AR26-10024736,0.1198
AR26-10024746,0.1198
AR26-10024755,0.1198
AR26-10024757,0.1198
AR26-10024763,0.1198
AR26-10024771,0.1198
AR26-10024774,0.1198
AR26-10024782,0.1198
AR26-10024783,0.1198
AR26-10024785,0.1198
AR26-10024787,0.1198
AR26-10024792,0.1198
AR26-10024813,0.1198
AR26-10024816,0.1198
AR26-10024834,0.1198
AR26-10024840,0.1198
AR26-10024856,0.1198
AR26-10024863,0.1198
AR26-10024869,0.1198
AR26-10024879,0.1198
AR26-10024906,0.1198
AR26-10024911,0.1198
AR26-10024920,0.1198
AR26-10024926,0.1198
AR26-10024927,0.1198
AR26-10024928,0.1198
AR26-10024929,0.1198
AR26-10024933,0.1198
AR26-10024935,0.1198
AR26-10024936,0.1198
AR26-10024937,0.1198
AR26-10024942,0.1198
AR26-10024950,0.1198
AR26-10024951,0.1198
AR26-10024956,0.1198
AR26-10024966,0.1198
AR26-10024970,0.1198
AR26-10024984,0.1198
AR26-10024992,0.1198
AR26-10024993,0.1198
AR26-10024998,0.1198
AR26-10025006,0.1198
AR26-10025008,0.1198
AR26-10025016,0.1198
AR26-10025019,0.1198
AR26-10025024,0.1198
AR26-10025032,0.1198
AR26-10025040,0.1198
AR26-10025050,0.1198
AR26-10025053,0.1198
AR26-10025055,0.1198
AR26-10025063,0.1198
AR26-10025064,0.1198
AR26-10025073,0.1198
AR26-10025085,0.1198
AR26-10025087,0.1198
AR26-10025090,0.1198
AR26-10025096,0.1198
AR26-10025103,0.1198
AR26-10025111,0.1198
AR26-10025113,0.1198
AR26-10025114,0.1198
AR26-10025117,0.1198
AR26-10025122,0.1198
AR26-10025125,0.1198
AR26-10025129,0.1198
AR26-10025130,0.1198
AR26-10025132,0.1198
AR26-10025143,0.1198
AR26-10025147,0.1198
AR26-10025160,0.1198
AR26-10025165,0.1198
AR26-10025168,0.1198
AR26-10025173,0.1198
AR26-10025179,0.1198
AR26-10025183,0.1198
AR26-10025184,0.1198
AR26-10025194,0.1198
AR26-10025197,0.1198
AR26-10025198,0.1198
AR26-10025206,0.1198
AR26-10025218,0.1198
AR26-10025220,0.1198
AR26-10025221,0.1198
AR26-10025233,0.1198
AR26-10025239,0.1198
AR26-10025240,0.1198
AR26-10025249,0.1198
AR26-10025255,0.1198
AR26-10025260,0.1198
AR26-10025263,0.1198
AR26-10025268,0.1198
AR26-10025269,0.1198
AR26-10025275,0.1198
AR26-10025284,0.1198
AR26-10025286,0.1198
AR26-10025288,0.1198
AR26-10025290,0.1198
AR26-10025294,0.1198
AR26-10025297,0.1198
AR26-10025303,0.1198
AR26-10025307,0.1198
AR26-10025313,0.1198
AR26-10025327,0.1198
AR26-10025328,0.1198
AR26-10025358,0.1198
AR26-10025359,0.1198
AR26-10025363,0.1198
AR26-10025370,0.1198
AR26-10025374,0.1198
AR26-10025377,0.1198
AR26-10025418,0.1198
AR26-10025425,0.1198
AR26-10025430,0.1198
AR26-10025434,0.1198
AR26-10025438,0.1198
AR26-10025440,0.1198
AR26-10025442,0.1198
AR26-10025446,0.1198
AR26-10025450,0.1198
AR26-10025451,0.1198
AR26-10025452,0.1198
AR26-10025460,0.1198
AR26-10025465,0.1198
AR26-10025467,0.1198
AR26-10025474,0.1198
AR26-10025475,0.1198
AR26-10025487,0.1198
AR26-10025489,0.1198
AR26-10025490,0.1198
AR26-10025498,0.1198
AR26-10025504,0.1198
AR26-10025506,0.1198
AR26-10025507,0.1198
AR26-10025512,0.1198
AR26-10025519,0.1198
AR26-10025523,0.1198
AR26-10025529,0.1198
AR26-10025531,0.1198
AR26-10025532,0.1198
AR26-10025539,0.1198
AR26-10025541,0.1198
AR26-10025542,0.1198
AR26-10025543,0.1198
AR26-10025546,0.1198
AR26-10025560,0.1198
AR26-10025573,0.1198
AR26-10025580,0.1198
AR26-10025582,0.1198
AR26-10025586,0.1198
AR26-10025607,0.1198
AR26-10025609,0.1198
AR26-10025614,0.1198
AR26-10025621,0.1198
AR26-10025625,0.1198
AR26-10025627,0.1198
AR26-10025629,0.1198
AR26-10025636,0.1198
AR26-10025637,0.1198
AR26-10025643,0.1198
AR26-10025645,0.1198
AR26-10025654,0.1198
AR26-10025659,0.1198
AR26-10025666,0.1198
AR26-10025671,0.1198
AR26-10025679,0.1198
AR26-10025693,0.1198
AR26-10025697,0.1198
AR26-10025698,0.1198
AR26-10025706,0.1198
AR26-10025712,0.1198
AR26-10025713,0.1198
AR26-10025714,0.1198
AR26-10025723,0.1198
AR26-10025729,0.1198
AR26-10025730,0.1198
AR26-10025743,0.1198
AR26-10025746,0.1198
AR26-10025748,0.1198
AR26-10025753,0.1198
AR26-10025754,0.1198
AR26-10025764,0.1198
AR26-10025770,0.1198
AR26-10025785,0.1198
AR26-10025786,0.1198
AR26-10025789,0.1198
AR26-10025800,0.1198
AR26-10025808,0.1198
AR26-10025812,0.1198
AR26-10025814,0.1198
AR26-10025820,0.1198
AR26-10025824,0.1198
AR26-10025837,0.1198
AR26-10025844,0.1198
AR26-10025852,0.1198
AR26-10025867,0.1198
AR26-10025874,0.1198
AR26-10025878,0.1198
AR26-10025882,0.1198
AR26-10025884,0.1198
AR26-10025886,0.1198
AR26-10025887,0.1198
AR26-10025894,0.1198
AR26-10025905,0.1198
AR26-10025911,0.1198
AR26-10025917,0.1198
AR26-10025920,0.1198
AR26-10025929,0.1198
AR26-10025930,0.1198
AR26-10025933,0.1198
AR26-10025935,0.1198
AR26-10025939,0.1198
AR26-10025940,0.1198
AR26-10025944,0.1198
AR26-10025949,0.1198
AR26-10025950,0.1198
AR26-10025958,0.1198
AR26-10025963,0.1198
AR26-10025970,0.1198
AR26-10025971,0.1198
AR26-10025978,0.1198
AR26-10025994,0.1198
AR26-10025998,0.1198
AR26-10026001,0.1198
AR26-10026004,0.1198
AR26-10026009,0.1198
AR26-10026011,0.1198
AR26-10026012,0.1198
AR26-10026014,0.1198
AR26-10026017,0.1198
AR26-10026021,0.1198
AR26-10026024,0.1198
AR26-10026025,0.1198
AR26-10026044,0.1198
AR26-10026056,0.1198
AR26-10026066,0.1198
AR26-10026069,0.1198
AR26-10026071,0.1198
AR26-10026075,0.1198
AR26-10026088,0.1198
AR26-10026094,0.1198
AR26-10026095,0.1198
AR26-10026101,0.1198
AR26-10026103,0.1198
AR26-10026106,0.1198
AR26-10026108,0.1198
AR26-10026111,0.1198
AR26-10026113,0.1198
AR26-10026118,0.1198
AR26-10026120,0.1198
AR26-10026130,0.1198
AR26-10026138,0.1198
AR26-10026141,0.1198
AR26-10026145,0.1198
AR26-10026156,0.1198
AR26-10026158,0.1198
AR26-10026159,0.1198
AR26-10026162,0.1198
AR26-10026170,0.1198
AR26-10026174,0.1198
AR26-10026175,0.1198
AR26-10026180,0.1198
AR26-10026186,0.1198
AR26-10026189,0.1198
AR26-10026190,0.1198
AR26-10026191,0.1198
AR26-10026192,0.1198
AR26-10026196,0.1198
AR26-10026198,0.1198
AR26-10026200,0.1198
AR26-10026220,0.1198
AR26-10026226,0.1198
AR26-10026227,0.1198
AR26-10026236,0.1198
AR26-10026243,0.1198
AR26-10026249,0.1198
AR26-10026261,0.1198
AR26-10026262,0.1198
AR26-10026263,0.1198
AR26-10026271,0.1198
AR26-10026273,0.1198
AR26-10026281,0.1198
AR26-10026282,0.1198
AR26-10026290,0.1198
AR26-10026292,0.1198
AR26-10026294,0.1198
AR26-10026295,0.1198
AR26-10026307,0.1198
AR26-10026310,0.1198
AR26-10026317,0.1198
AR26-10026318,0.1198
AR26-10026319,0.1198
AR26-10026334,0.1198
AR26-10026350,0.1198
AR26-10026356,0.1198
AR26-10026360,0.1198
AR26-10026386,0.1198
AR26-10026390,0.1198
AR26-10026394,0.1198
AR26-10026397,0.1198
AR26-10026414,0.1198
AR26-10026419,0.1198
AR26-10026434,0.1198
AR26-10026436,0.1198
AR26-10026438,0.1198
AR26-10026439,0.1198
AR26-10026440,0.1198
AR26-10026441,0.1198
AR26-10026445,0.1198
AR26-10026447,0.1198
AR26-10026451,0.1198
AR26-10026467,0.1198
AR26-10026468,0.1198
AR26-10026470,0.1198
AR26-10026473,0.1198
AR26-10026483,0.1198
AR26-10026488,0.1198
AR26-10026495,0.1198
AR26-10026509,0.1198
AR26-10026510,0.1198
AR26-10026512,0.1198
AR26-10026515,0.1198
AR26-10026517,0.1198
AR26-10026518,0.1198
AR26-10026535,0.1198
AR26-10026547,0.1198
AR26-10026548,0.1198
AR26-10026549,0.1198
AR26-10026553,0.1198
AR26-10026555,0.1198
AR26-10026576,0.1198
AR26-10026577,0.1198
AR26-10026584,0.1198
AR26-10026619,0.1198
AR26-10026622,0.1198
AR26-10026623,0.1198
AR26-10026625,0.1198
AR26-10026626,0.1198
AR26-10026628,0.1198
AR26-10026631,0.1198
AR26-10026633,0.1198
AR26-10026639,0.1198
AR26-10026640,0.1198
AR26-10026641,0.1198
AR26-10026647,0.1198
AR26-10026664,0.1198
AR26-10026666,0.1198
AR26-10026672,0.1198
AR26-10026678,0.1198
AR26-10026688,0.1198
AR26-10026714,0.1198
AR26-10026715,0.1198
AR26-10026720,0.1198
AR26-10026722,0.1198
AR26-10026730,0.1198
AR26-10026736,0.1198
AR26-10026740,0.1198
AR26-10026743,0.1198
AR26-10026762,0.1198
AR26-10026770,0.1198
AR26-10026782,0.1198
AR26-10026786,0.1198
AR26-10026790,0.1198
AR26-10026807,0.1198
AR26-10026810,0.1198
AR26-10026823,0.1198
AR26-10026829,0.1198
AR26-10026830,0.1198
AR26-10026842,0.1198
AR26-10026844,0.1198
AR26-10026847,0.1198
AR26-10026861,0.1198
AR26-10026868,0.1198
AR26-10026874,0.1198
AR26-10026876,0.1198
AR26-10026881,0.1198
AR26-10026891,0.1198
AR26-10026895,0.1198
AR26-10026906,0.1198
AR26-10026911,0.1198
AR26-10026916,0.1198
AR26-10026918,0.1198
AR26-10026929,0.1198
AR26-10026934,0.1198
AR26-10026939,0.1198
AR26-10026953,0.1198
AR26-10026958,0.1198
AR26-10026965,0.1198
AR26-10026974,0.1198
AR26-10026978,0.1198
AR26-10026994,0.1198
AR26-10026999,0.1198
AR26-10027003,0.1198
AR26-10027018,0.1198
AR26-10027028,0.1198
AR26-10027032,0.1198
AR26-10027042,0.1198
AR26-10027048,0.1198
AR26-10027052,0.1198
AR26-10027062,0.1198
AR26-10027063,0.1198
AR26-10027064,0.1198
AR26-10027065,0.1198
AR26-10027066,0.1198
AR26-10027072,0.1198
AR26-10027074,0.1198
AR26-10027075,0.1198
AR26-10027091,0.1198
AR26-10027105,0.1198
AR26-10027119,0.1198
AR26-10027124,0.1198
AR26-10027125,0.1198
AR26-10027131,0.1198
AR26-10027135,0.1198
AR26-10027142,0.1198
AR26-10027147,0.1198
AR26-10027148,0.1198
AR26-10027149,0.1198
AR26-10027152,0.1198
AR26-10027153,0.1198
AR26-10027156,0.1198
AR26-10027188,0.1198
AR26-10027190,0.1198
AR26-10027191,0.1198
AR26-10027192,0.1198
AR26-10027198,0.1198
AR26-10027204,0.1198
AR26-10027205,0.1198
AR26-10027209,0.1198
AR26-10027217,0.1198
AR26-10027222,0.1198
AR26-10027227,0.1198
AR26-10027229,0.1198
AR26-10027233,0.1198
AR26-10027236,0.1198
AR26-10027244,0.1198
AR26-10027247,0.1198
AR26-10027252,0.1198
AR26-10027254,0.1198
AR26-10027255,0.1198
AR26-10027258,0.1198
AR26-10027279,0.1198
AR26-10027288,0.1198
AR26-10027290,0.1198
AR26-10027296,0.1198
AR26-10027310,0.1198
AR26-10027313,0.1198
AR26-10027321,0.1198
AR26-10027325,0.1198
AR26-10027330,0.1198
AR26-10027340,0.1198
AR26-10027346,0.1198
AR26-10027348,0.1198
AR26-10027353,0.1198
AR26-10027355,0.1198
AR26-10027364,0.1198
AR26-10027366,0.1198
AR26-10027380,0.1198
AR26-10027382,0.1198
AR26-10027383,0.1198
AR26-10027384,0.1198
AR26-10027385,0.1198
AR26-10027387,0.1198
AR26-10027394,0.1198
AR26-10027406,0.1198
AR26-10027419,0.1198
AR26-10027426,0.1198
AR26-10027433,0.1198
AR26-10027438,0.1198
AR26-10027446,0.1198
AR26-10027456,0.1198
AR26-10027461,0.1198
AR26-10027466,0.1198
AR26-10027468,0.1198
AR26-10027470,0.1198
AR26-10027489,0.1198
AR26-10027495,0.1198
AR26-10027498,0.1198
AR26-10027502,0.1198
AR26-10027510,0.1198
AR26-10027512,0.1198
AR26-10027513,0.1198
AR26-10027525,0.1198
AR26-10027528,0.1198
AR26-10027538,0.1198
AR26-10027555,0.1198
AR26-10027556,0.1198
AR26-10027561,0.1198
AR26-10027564,0.1198
AR26-10027568,0.1198
AR26-10027570,0.1198
AR26-10027576,0.1198
AR26-10027581,0.1198
AR26-10027584,0.1198
AR26-10027599,0.1198
AR26-10027607,0.1198
AR26-10027611,0.1198
AR26-10027620,0.1198
AR26-10027621,0.1198
AR26-10027626,0.1198
AR26-10027636,0.1198
AR26-10027663,0.1198
AR26-10027670,0.1198
AR26-10027674,0.1198
AR26-10027682,0.1198
AR26-10027685,0.1198
AR26-10027722,0.1198
AR26-10027727,0.1198
AR26-10027729,0.1198
AR26-10027734,0.1198
AR26-10027743,0.1198
AR26-10027751,0.1198
AR26-10027753,0.1198
AR26-10027756,0.1198
AR26-10027759,0.1198
AR26-10027770,0.1198
AR26-10027771,0.1198
AR26-10027772,0.1198
AR26-10027775,0.1198
AR26-10027776,0.1198
AR26-10027777,0.1198
AR26-10027782,0.1198
AR26-10027799,0.1198
AR26-10027807,0.1198
AR26-10027809,0.1198
AR26-10027819,0.1198
AR26-10027829,0.1198
AR26-10027833,0.1198
AR26-10027844,0.1198
AR26-10027852,0.1198
AR26-10027855,0.1198
AR26-10027865,0.1198
AR26-10027869,0.1198
AR26-10027871,0.1198
AR26-10027883,0.1198
AR26-10027889,0.1198
AR26-10027891,0.1198
AR26-10027898,0.1198
AR26-10027920,0.1198
AR26-10027921,0.1198
AR26-10027924,0.1198
AR26-10027932,0.1198
AR26-10027939,0.1198
AR26-10027964,0.1198
AR26-10027968,0.1198
AR26-10027984,0.1198
AR26-10027997,0.1198
AR26-10027998,0.1198
AR26-10028002,0.1198
AR26-10028003,0.1198
AR26-10028006,0.1198
AR26-10028013,0.1198
AR26-10028018,0.1198
AR26-10028020,0.1198
AR26-10028021,0.1198
AR26-10028023,0.1198
AR26-10028035,0.1198
AR26-10028045,0.1198
AR26-10028052,0.1198
AR26-10028075,0.1198
AR26-10028081,0.1198
AR26-10028084,0.1198
AR26-10028086,0.1198
AR26-10028087,0.1198
AR26-10028088,0.1198
AR26-10028093,0.1198
AR26-10028096,0.1198
AR26-10028104,0.1198
AR26-10028110,0.1198
AR26-10028121,0.1198
AR26-10028122,0.1198
AR26-10028131,0.1198
AR26-10028134,0.1198
AR26-10028140,0.1198
AR26-10028148,0.1198
AR26-10028154,0.1198
AR26-10028155,0.1198
AR26-10028157,0.1198
AR26-10028162,0.1198
AR26-10028163,0.1198
AR26-10028168,0.1198
AR26-10028176,0.1198
AR26-10028184,0.1198
AR26-10028188,0.1198
AR26-10028190,0.1198
AR26-10028195,0.1198
AR26-10028197,0.1198
AR26-10028199,0.1198
AR26-10028200,0.1198
AR26-10028201,0.1198
AR26-10028203,0.1198
AR26-10028209,0.1198
AR26-10028210,0.1198
AR26-10028221,0.1198
AR26-10028227,0.1198
AR26-10028229,0.1198
AR26-10028233,0.1198
AR26-10028234,0.1198
AR26-10028244,0.1198
AR26-10028246,0.1198
AR26-10028251,0.1198
AR26-10028261,0.1198
AR26-10028268,0.1198
AR26-10028277,0.1198
AR26-10028280,0.1198
AR26-10028284,0.1198
AR26-10028288,0.1198
AR26-10028289,0.1198
AR26-10028296,0.1198
AR26-10028297,0.1198
AR26-10028307,0.1198
AR26-10028313,0.1198
AR26-10028320,0.1198
AR26-10028321,0.1198
AR26-10028322,0.1198
AR26-10028330,0.1198
AR26-10028345,0.1198
AR26-10028348,0.1198
AR26-10028349,0.1198
AR26-10028355,0.1198
AR26-10028357,0.1198
AR26-10028358,0.1198
AR26-10028366,0.1198
AR26-10028379,0.1198
AR26-10028386,0.1198
AR26-10028388,0.1198
AR26-10028394,0.1198
AR26-10028410,0.1198
AR26-10028411,0.1198
AR26-10028417,0.1198
AR26-10028433,0.1198
AR26-10028440,0.1198
AR26-10028453,0.1198
AR26-10028459,0.1198
AR26-10028468,0.1198
AR26-10028477,0.1198
AR26-10028490,0.1198
AR26-10028495,0.1198
AR26-10028502,0.1198
AR26-10028507,0.1198
AR26-10028522,0.1198
AR26-10028523,0.1198
AR26-10028526,0.1198
AR26-10028530,0.1198
AR26-10028538,0.1198
AR26-10028557,0.1198
AR26-10028573,0.1198
AR26-10028576,0.1198
AR26-10028596,0.1198
AR26-10028607,0.1198
AR26-10028618,0.1198
AR26-10028623,0.1198
AR26-10028627,0.1198
AR26-10028632,0.1198
AR26-10028633,0.1198
AR26-10028637,0.1198
AR26-10028644,0.1198
AR26-10028647,0.1198
AR26-10028650,0.1198
AR26-10028657,0.1198
AR26-10028659,0.1198
AR26-10028665,0.1198
AR26-10028670,0.1198
AR26-10028675,0.1198
AR26-10028693,0.1198
AR26-10028696,0.1198
AR26-10028700,0.1198
AR26-10028708,0.1198
AR26-10028715,0.1198
AR26-10028757,0.1198
AR26-10028777,0.1198
AR26-10028785,0.1198
AR26-10028787,0.1198
AR26-10028792,0.1198
AR26-10028795,0.1198
AR26-10028802,0.1198
AR26-10028803,0.1198
AR26-10028808,0.1198
AR26-10028815,0.1198
AR26-10028819,0.1198
AR26-10028820,0.1198
AR26-10028828,0.1198
AR26-10028829,0.1198
AR26-10028832,0.1198
AR26-10028833,0.1198
AR26-10028834,0.1198
AR26-10028837,0.1198
AR26-10028858,0.1198
AR26-10028859,0.1198
AR26-10028861,0.1198
AR26-10028871,0.1198
AR26-10028882,0.1198
AR26-10028883,0.1198
AR26-10028888,0.1198
AR26-10028894,0.1198
AR26-10028898,0.1198
AR26-10028910,0.1198
AR26-10028914,0.1198
AR26-10028923,0.1198
AR26-10028924,0.1198
AR26-10028926,0.1198
AR26-10028929,0.1198
AR26-10028931,0.1198
AR26-10028940,0.1198
AR26-10028948,0.1198
AR26-10028949,0.1198
AR26-10028965,0.1198
AR26-10028972,0.1198
AR26-10028978,0.1198
AR26-10028979,0.1198
AR26-10028982,0.1198
AR26-10028984,0.1198
AR26-10028989,0.1198
AR26-10028990,0.1198
AR26-10028998,0.1198
AR26-10029010,0.1198
AR26-10029020,0.1198
AR26-10029022,0.1198
AR26-10029028,0.1198
AR26-10029037,0.1198
AR26-10029039,0.1198
AR26-10029042,0.1198
AR26-10029043,0.1198
AR26-10029065,0.1198
AR26-10029069,0.1198
AR26-10029072,0.1198
AR26-10029076,0.1198
AR26-10029085,0.1198
AR26-10029086,0.1198
AR26-10029093,0.1198
AR26-10029101,0.1198
AR26-10029104,0.1198
AR26-10029110,0.1198
AR26-10029113,0.1198
AR26-10029117,0.1198
AR26-10029122,0.1198
AR26-10029127,0.1198
AR26-10029142,0.1198
AR26-10029165,0.1198
AR26-10029173,0.1198
AR26-10029180,0.1198
AR26-10029183,0.1198
AR26-10029184,0.1198
AR26-10029197,0.1198
AR26-10029200,0.1198
AR26-10029215,0.1198
AR26-10029218,0.1198
AR26-10029224,0.1198
AR26-10029228,0.1198
AR26-10029229,0.1198
AR26-10029237,0.1198
AR26-10029241,0.1198
AR26-10029249,0.1198
AR26-10029260,0.1198
AR26-10029271,0.1198
AR26-10029278,0.1198
AR26-10029284,0.1198
AR26-10029299,0.1198
AR26-10029301,0.1198
AR26-10029306,0.1198
AR26-10029309,0.1198
AR26-10029310,0.1198
AR26-10029315,0.1198
AR26-10029332,0.1198
AR26-10029352,0.1198
AR26-10029354,0.1198
AR26-10029364,0.1198
AR26-10029375,0.1198
AR26-10029382,0.1198
AR26-10029387,0.1198
AR26-10029393,0.1198
AR26-10029404,0.1198
AR26-10029409,0.1198
AR26-10029411,0.1198
AR26-10029419,0.1198
AR26-10029421,0.1198
AR26-10029425,0.1198
AR26-10029426,0.1198
AR26-10029431,0.1198
AR26-10029433,0.1198
AR26-10029450,0.1198
AR26-10029457,0.1198
AR26-10029460,0.1198
AR26-10029465,0.1198
AR26-10029466,0.1198
AR26-10029467,0.1198
AR26-10029468,0.1198
AR26-10029472,0.1198
AR26-10029476,0.1198
AR26-10029482,0.1198
AR26-10029486,0.1198
AR26-10029494,0.1198
AR26-10029502,0.1198
AR26-10029506,0.1198
AR26-10029519,0.1198
AR26-10029529,0.1198
AR26-10029533,0.1198
AR26-10029540,0.1198
AR26-10029543,0.1198
AR26-10029553,0.1198
AR26-10029560,0.1198
AR26-10029561,0.1198
AR26-10029563,0.1198
AR26-10029565,0.1198
AR26-10029567,0.1198
AR26-10029568,0.1198
AR26-10029574,0.1198
AR26-10029595,0.1198
AR26-10029596,0.1198
AR26-10029605,0.1198
AR26-10029606,0.1198
AR26-10029619,0.1198
AR26-10029624,0.1198
AR26-10029626,0.1198
AR26-10029631,0.1198
AR26-10029632,0.1198
AR26-10029637,0.1198
AR26-10029657,0.1198
AR26-10029660,0.1198
AR26-10029670,0.1198
AR26-10029676,0.1198
AR26-10029684,0.1198
AR26-10029711,0.1198
AR26-10029712,0.1198
AR26-10029714,0.1198
AR26-10029716,0.1198
AR26-10029719,0.1198
AR26-10029722,0.1198
AR26-10029727,0.1198
AR26-10029732,0.1198
AR26-10029735,0.1198
AR26-10029750,0.1198
AR26-10029765,0.1198
AR26-10029766,0.1198
AR26-10029767,0.1198
AR26-10029769,0.1198
AR26-10029774,0.1198
AR26-10029792,0.1198
AR26-10029797,0.1198
AR26-10029802,0.1198
AR26-10029803,0.1198
AR26-10029807,0.1198
AR26-10029814,0.1198
AR26-10029826,0.1198
AR26-10029827,0.1198
AR26-10029830,0.1198
AR26-10029831,0.1198
AR26-10029833,0.1198
AR26-10029834,0.1198
AR26-10029835,0.1198
AR26-10029838,0.1198
AR26-10029848,0.1198
AR26-10029849,0.1198
AR26-10029862,0.1198
AR26-10029865,0.1198
AR26-10029868,0.1198
AR26-10029869,0.1198
AR26-10029889,0.1198
AR26-10029891,0.1198
AR26-10029904,0.1198
AR26-10029908,0.1198
AR26-10029917,0.1198
AR26-10029918,0.1198
AR26-10029920,0.1198
AR26-10029922,0.1198
AR26-10029923,0.1198
AR26-10029928,0.1198
AR26-10029930,0.1198
AR26-10029936,0.1198
AR26-10029942,0.1198
AR26-10029943,0.1198
AR26-10029947,0.1198
AR26-10029949,0.1198
AR26-10029952,0.1198
AR26-10029954,0.1198
AR26-10029966,0.1198
AR26-10029980,0.1198
AR26-10029986,0.1198
AR26-10030004,0.1198
AR26-10030009,0.1198
AR26-10030010,0.1198
AR26-10030011,0.1198
AR26-10030012,0.1198
AR26-10030015,0.1198
AR26-10030016,0.1198
AR26-10030035,0.1198
AR26-10030037,0.1198
AR26-10030040,0.1198
AR26-10030042,0.1198
AR26-10030044,0.1198
AR26-10030049,0.1198
AR26-10030052,0.1198
AR26-10030058,0.1198
AR26-10030062,0.1198
AR26-10030065,0.1198
AR26-10030067,0.1198
AR26-10030068,0.1198
AR26-10030071,0.1198
AR26-10030073,0.1198
AR26-10030075,0.1198
AR26-10030081,0.1198
AR26-10030082,0.1198
AR26-10030087,0.1198
AR26-10030097,0.1198
AR26-10030099,0.1198
AR26-10030100,0.1198
AR26-10030111,0.1198
AR26-10030118,0.1198
AR26-10030125,0.1198
AR26-10030136,0.1198
AR26-10030142,0.1198
AR26-10030146,0.1198
AR26-10030149,0.1198
AR26-10030161,0.1198
AR26-10030165,0.1198
AR26-10030175,0.1198
AR26-10030176,0.1198
AR26-10030180,0.1198
AR26-10030197,0.1198
AR26-10030200,0.1198
AR26-10030205,0.1198
AR26-10030214,0.1198
AR26-10030220,0.1198
AR26-10030221,0.1198
AR26-10030222,0.1198
AR26-10030225,0.1198
AR26-10030232,0.1198
AR26-10030237,0.1198
AR26-10030242,0.1198
AR26-10030243,0.1198
AR26-10030246,0.1198
AR26-10030251,0.1198
AR26-10030252,0.1198
AR26-10030253,0.1198
AR26-10030268,0.1198
AR26-10030280,0.1198
AR26-10030281,0.1198
AR26-10030298,0.1198
AR26-10030306,0.1198
AR26-10030321,0.1198
AR26-10030331,0.1198
AR26-10030332,0.1198
AR26-10030339,0.1198
AR26-10030353,0.1198
AR26-10030354,0.1198
AR26-10030357,0.1198
AR26-10030358,0.1198
AR26-10030361,0.1198
AR26-10030364,0.1198
AR26-10030365,0.1198
AR26-10030366,0.1198
AR26-10030374,0.1198
AR26-10030375,0.1198
AR26-10030376,0.1198
AR26-10030379,0.1198
AR26-10030403,0.1198
AR26-10030406,0.1198
AR26-10030416,0.1198
AR26-10030419,0.1198
AR26-10030422,0.1198
AR26-10030423,0.1198
AR26-10030425,0.1198
AR26-10030428,0.1198
AR26-10030434,0.1198
AR26-10030436,0.1198
AR26-10030438,0.1198
AR26-10030439,0.1198
AR26-10030442,0.1198
AR26-10030450,0.1198
AR26-10030454,0.1198
AR26-10030462,0.1198
AR26-10030484,0.1198
AR26-10030485,0.1198
AR26-10030486,0.1198
AR26-10030493,0.1198
AR26-10030494,0.1198
AR26-10030500,0.1198
AR26-10030505,0.1198
AR26-10030506,0.1198
AR26-10030511,0.1198
AR26-10030514,0.1198
AR26-10030515,0.1198
AR26-10030517,0.1198
AR26-10030523,0.1198
AR26-10030535,0.1198
AR26-10030542,0.1198
AR26-10030555,0.1198
AR26-10030557,0.1198
AR26-10030561,0.1198
AR26-10030566,0.1198
AR26-10030584,0.1198
AR26-10030600,0.1198
AR26-10030602,0.1198
AR26-10030631,0.1198
AR26-10030633,0.1198
AR26-10030636,0.1198
AR26-10030643,0.1198
AR26-10030651,0.1198
AR26-10030653,0.1198
AR26-10030654,0.1198
AR26-10030663,0.1198
AR26-10030669,0.1198
AR26-10030672,0.1198
AR26-10030677,0.1198
AR26-10030678,0.1198
AR26-10030703,0.1198
AR26-10030704,0.1198
AR26-10030705,0.1198
AR26-10030711,0.1198
AR26-10030714,0.1198
AR26-10030717,0.1198
AR26-10030720,0.1198
AR26-10030728,0.1198
AR26-10030729,0.1198
AR26-10030731,0.1198
AR26-10030733,0.1198
AR26-10030749,0.1198
AR26-10030751,0.1198
AR26-10030755,0.1198
AR26-10030761,0.1198
AR26-10030766,0.1198
AR26-10030775,0.1198
AR26-10030779,0.1198
AR26-10030784,0.1198
AR26-10030787,0.1198
AR26-10030789,0.1198
AR26-10030795,0.1198
AR26-10030797,0.1198
AR26-10030802,0.1198
AR26-10030806,0.1198
AR26-10030809,0.1198
AR26-10030810,0.1198
AR26-10030812,0.1198
AR26-10030820,0.1198
AR26-10030821,0.1198
AR26-10030838,0.1198
AR26-10030839,0.1198
AR26-10030854,0.1198
AR26-10030855,0.1198
AR26-10030866,0.1198
AR26-10030871,0.1198
AR26-10030875,0.1198
AR26-10030876,0.1198
AR26-10030880,0.1198
AR26-10030886,0.1198
AR26-10030893,0.1198
AR26-10030894,0.1198
AR26-10030904,0.1198
AR26-10030906,0.1198
AR26-10030918,0.1198
AR26-10030922,0.1198
AR26-10030925,0.1198
AR26-10030926,0.1198
AR26-10030930,0.1198
AR26-10030935,0.1198
AR26-10030940,0.1198
AR26-10030942,0.1198
AR26-10030945,0.1198
AR26-10030946,0.1198
AR26-10030949,0.1198
AR26-10030957,0.1198
AR26-10030964,0.1198
AR26-10030969,0.1198
AR26-10030970,0.1198
AR26-10030975,0.1198
AR26-10030978,0.1198
AR26-10030980,0.1198
AR26-10030993,0.1198
AR26-10030998,0.1198
AR26-10031015,0.1198
AR26-10031026,0.1198
AR26-10031029,0.1198
AR26-10031030,0.1198
AR26-10031032,0.1198
AR26-10031035,0.1198
AR26-10031038,0.1198
AR26-10031042,0.1198
AR26-10031048,0.1198
AR26-10031049,0.1198
AR26-10031050,0.1198
AR26-10031070,0.1198
AR26-10031071,0.1198
AR26-10031084,0.1198
AR26-10031090,0.1198
AR26-10031100,0.1198
AR26-10031102,0.1198
AR26-10031104,0.1198
AR26-10031105,0.1198
AR26-10031114,0.1198
AR26-10031116,0.1198
AR26-10031134,0.1198
AR26-10031138,0.1198
AR26-10031150,0.1198
AR26-10031158,0.1198
AR26-10031161,0.1198
AR26-10031162,0.1198
AR26-10031177,0.1198
AR26-10031185,0.1198
AR26-10031191,0.1198
AR26-10031199,0.1198
AR26-10031207,0.1198
AR26-10031211,0.1198
AR26-10031212,0.1198
AR26-10031213,0.1198
AR26-10031219,0.1198
AR26-10031233,0.1198
AR26-10031234,0.1198
AR26-10031235,0.1198
AR26-10031239,0.1198
AR26-10031241,0.1198
AR26-10031254,0.1198
AR26-10031255,0.1198
AR26-10031258,0.1198
AR26-10031261,0.1198
AR26-10031294,0.1198
AR26-10031304,0.1198
AR26-10031308,0.1198
AR26-10031334,0.1198
AR26-10031338,0.1198
AR26-10031339,0.1198
AR26-10031346,0.1198
AR26-10031349,0.1198
AR26-10031359,0.1198
AR26-10031362,0.1198
AR26-10031368,0.1198
AR26-10031375,0.1198
AR26-10031385,0.1198
AR26-10031393,0.1198
AR26-10031403,0.1198
AR26-10031406,0.1198
AR26-10031413,0.1198
AR26-10031422,0.1198
AR26-10031424,0.1198
AR26-10031425,0.1198
AR26-10031430,0.1198
AR26-10031432,0.1198
AR26-10031433,0.1198
AR26-10031438,0.1198
AR26-10031445,0.1198
AR26-10031446,0.1198
AR26-10031453,0.1198
AR26-10031457,0.1198
AR26-10031458,0.1198
AR26-10031459,0.1198
AR26-10031467,0.1198
AR26-10031487,0.1198
AR26-10031494,0.1198
AR26-10031511,0.1198
AR26-10031524,0.1198
AR26-10031525,0.1198
AR26-10031526,0.1198
AR26-10031533,0.1198
AR26-10031536,0.1198
AR26-10031538,0.1198
AR26-10031543,0.1198
AR26-10031544,0.1198
AR26-10031551,0.1198
AR26-10031558,0.1198
AR26-10031568,0.1198
AR26-10031571,0.1198
AR26-10031579,0.1198
AR26-10031580,0.1198
AR26-10031588,0.1198
AR26-10031602,0.1198
AR26-10031603,0.1198
AR26-10031615,0.1198
AR26-10031618,0.1198
AR26-10031628,0.1198
AR26-10031632,0.1198
AR26-10031643,0.1198
AR26-10031645,0.1198
AR26-10031647,0.1198
AR26-10031651,0.1198
AR26-10031654,0.1198
AR26-10031658,0.1198
AR26-10031659,0.1198
AR26-10031664,0.1198
AR26-10031669,0.1198
AR26-10031670,0.1198
AR26-10031684,0.1198
AR26-10031685,0.1198
AR26-10031686,0.1198
AR26-10031691,0.1198
AR26-10031693,0.1198
AR26-10031707,0.1198
AR26-10031709,0.1198
AR26-10031717,0.1198
AR26-10031718,0.1198
AR26-10031719,0.1198
AR26-10031742,0.1198
AR26-10031751,0.1198
AR26-10031769,0.1198
AR26-10031778,0.1198
AR26-10031784,0.1198
AR26-10031788,0.1198
AR26-10031789,0.1198
AR26-10031791,0.1198
AR26-10031792,0.1198
AR26-10031796,0.1198
AR26-10031797,0.1198
AR26-10031798,0.1198
AR26-10031801,0.1198
AR26-10031805,0.1198
AR26-10031812,0.1198
AR26-10031825,0.1198
AR26-10031831,0.1198
AR26-10031832,0.1198
AR26-10031845,0.1198
AR26-10031847,0.1198
AR26-10031849,0.1198
AR26-10031850,0.1198
AR26-10031860,0.1198
AR26-10031877,0.1198
AR26-10031882,0.1198
AR26-10031893,0.1198
AR26-10031898,0.1198
AR26-10031899,0.1198
AR26-10031906,0.1198
AR26-10031917,0.1198
AR26-10031920,0.1198
AR26-10031925,0.1198
AR26-10031927,0.1198
AR26-10031932,0.1198
AR26-10031948,0.1198
AR26-10031956,0.1198
AR26-10031964,0.1198
AR26-10031965,0.1198
AR26-10031971,0.1198
AR26-10031986,0.1198
AR26-10031994,0.1198
AR26-10031997,0.1198
AR26-10032007,0.1198
AR26-10032024,0.1198
AR26-10032034,0.1198
AR26-10032052,0.1198
AR26-10032054,0.1198
AR26-10032057,0.1198
AR26-10032059,0.1198
AR26-10032061,0.1198
AR26-10032065,0.1198
AR26-10032070,0.1198
AR26-10032078,0.1198
AR26-10032084,0.1198
AR26-10032087,0.1198
AR26-10032095,0.1198
AR26-10032106,0.1198
AR26-10032138,0.1198
AR26-10032146,0.1198
AR26-10032154,0.1198
AR26-10032156,0.1198
AR26-10032159,0.1198
AR26-10032172,0.1198
AR26-10032182,0.1198
AR26-10032195,0.1198
AR26-10032197,0.1198
AR26-10032201,0.1198
AR26-10032204,0.1198
AR26-10032212,0.1198
AR26-10032214,0.1198
AR26-10032216,0.1198
AR26-10032220,0.1198
AR26-10032231,0.1198
AR26-10032238,0.1198
AR26-10032252,0.1198
AR26-10032255,0.1198
AR26-10032260,0.1198
AR26-10032261,0.1198
AR26-10032266,0.1198
AR26-10032275,0.1198
AR26-10032278,0.1198
AR26-10032283,0.1198
AR26-10032289,0.1198
AR26-10032293,0.1198
AR26-10032311,0.1198
AR26-10032332,0.1198
AR26-10032337,0.1198
AR26-10032356,0.1198
AR26-10032368,0.1198
AR26-10032369,0.1198
AR26-10032383,0.1198
AR26-10032384,0.1198
AR26-10032387,0.1198
AR26-10032399,0.1198
AR26-10032415,0.1198
AR26-10032420,0.1198
AR26-10032427,0.1198
AR26-10032433,0.1198
AR26-10032437,0.1198
AR26-10032443,0.1198
AR26-10032447,0.1198
AR26-10032452,0.1198
AR26-10032456,0.1198
AR26-10032458,0.1198
AR26-10032469,0.1198
AR26-10032473,0.1198
AR26-10032475,0.1198
AR26-10032478,0.1198
AR26-10032485,0.1198
AR26-10032489,0.1198
AR26-10032497,0.1198
AR26-10032500,0.1198
AR26-10032504,0.1198
AR26-10032507,0.1198
AR26-10032520,0.1198
AR26-10032524,0.1198
AR26-10032525,0.1198
AR26-10032526,0.1198
AR26-10032540,0.1198
AR26-10032557,0.1198
AR26-10032567,0.1198
AR26-10032569,0.1198
AR26-10032571,0.1198
AR26-10032579,0.1198
AR26-10032583,0.1198
AR26-10032585,0.1198
AR26-10032591,0.1198
AR26-10032592,0.1198
AR26-10032605,0.1198
AR26-10032606,0.1198
AR26-10032616,0.1198
AR26-10032618,0.1198
AR26-10032636,0.1198
AR26-10032640,0.1198
AR26-10032641,0.1198
AR26-10032643,0.1198
AR26-10032661,0.1198
AR26-10032667,0.1198
AR26-10032668,0.1198
AR26-10032673,0.1198
AR26-10032675,0.1198
AR26-10032678,0.1198
AR26-10032680,0.1198
AR26-10032681,0.1198
AR26-10032682,0.1198
AR26-10032689,0.1198
AR26-10032691,0.1198
AR26-10032692,0.1198
AR26-10032693,0.1198
AR26-10032697,0.1198
AR26-10032706,0.1198
AR26-10032708,0.1198
AR26-10032716,0.1198
AR26-10032717,0.1198
AR26-10032719,0.1198
AR26-10032727,0.1198
AR26-10032732,0.1198
AR26-10032734,0.1198
AR26-10032748,0.1198
AR26-10032749,0.1198
AR26-10032757,0.1198
AR26-10032763,0.1198
AR26-10032769,0.1198
AR26-10032772,0.1198
AR26-10032773,0.1198
AR26-10032782,0.1198
AR26-10032785,0.1198
AR26-10032803,0.1198
AR26-10032804,0.1198
AR26-10032817,0.1198
AR26-10032822,0.1198
AR26-10032823,0.1198
AR26-10032824,0.1198
AR26-10032825,0.1198
AR26-10032828,0.1198
AR26-10032837,0.1198
AR26-10032846,0.1198
AR26-10032848,0.1198
AR26-10032856,0.1198
AR26-10032857,0.1198
AR26-10032870,0.1198
AR26-10032878,0.1198
AR26-10032879,0.1198
AR26-10032886,0.1198
AR26-10032890,0.1198
AR26-10032893,0.1198
AR26-10032915,0.1198
AR26-10032916,0.1198
AR26-10032917,0.1198
AR26-10032918,0.1198
AR26-10032926,0.1198
AR26-10032931,0.1198
AR26-10032932,0.1198
AR26-10032937,0.1198
AR26-10032943,0.1198
AR26-10032945,0.1198
AR26-10032947,0.1198
AR26-10032953,0.1198
AR26-10032955,0.1198
AR26-10032981,0.1198
AR26-10032984,0.1198
AR26-10032989,0.1198
AR26-10032994,0.1198
AR26-10032997,0.1198
AR26-10033001,0.1198
AR26-10033008,0.1198
AR26-10033009,0.1198
AR26-10033013,0.1198
AR26-10033014,0.1198
AR26-10033019,0.1198
AR26-10033020,0.1198
AR26-10033022,0.1198
AR26-10033026,0.1198
AR26-10033027,0.1198
AR26-10033033,0.1198
AR26-10033039,0.1198
AR26-10033059,0.1198
AR26-10033061,0.1198
AR26-10033076,0.1198
AR26-10033078,0.1198
AR26-10033084,0.1198
AR26-10033085,0.1198
AR26-10033090,0.1198
AR26-10033092,0.1198
AR26-10033094,0.1198
AR26-10033096,0.1198
AR26-10033102,0.1198
AR26-10033104,0.1198
AR26-10033116,0.1198
AR26-10033124,0.1198
AR26-10033143,0.1198
AR26-10033144,0.1198
AR26-10033148,0.1198
AR26-10033149,0.1198
AR26-10033162,0.1198
AR26-10033170,0.1198
AR26-10033177,0.1198
AR26-10033178,0.1198
AR26-10033181,0.1198
AR26-10033182,0.1198
AR26-10033184,0.1198
AR26-10033191,0.1198
AR26-10033205,0.1198
AR26-10033207,0.1198
AR26-10033219,0.1198
AR26-10033227,0.1198
AR26-10033228,0.1198
AR26-10033233,0.1198
AR26-10033245,0.1198
AR26-10033251,0.1198
AR26-10033253,0.1198
AR26-10033261,0.1198
AR26-10033262,0.1198
AR26-10033263,0.1198
AR26-10033264,0.1198
AR26-10033268,0.1198
AR26-10033280,0.1198
AR26-10033283,0.1198
AR26-10033302,0.1198
AR26-10033303,0.1198
AR26-10033305,0.1198
AR26-10033311,0.1198
AR26-10033312,0.1198
AR26-10033322,0.1198
AR26-10033325,0.1198
AR26-10033330,0.1198
AR26-10033333,0.1198
AR26-10033334,0.1198
AR26-10033341,0.1198
AR26-10033348,0.1198
AR26-10033366,0.1198
AR26-10033370,0.1198
AR26-10033374,0.1198
AR26-10033377,0.1198
AR26-10033380,0.1198
AR26-10033384,0.1198
AR26-10033397,0.1198
AR26-10033400,0.1198
AR26-10033403,0.1198
AR26-10033413,0.1198
AR26-10033424,0.1198
AR26-10033426,0.1198
AR26-10033442,0.1198
AR26-10033443,0.1198
AR26-10033450,0.1198
AR26-10033453,0.1198
AR26-10033455,0.1198
AR26-10033460,0.1198
AR26-10033467,0.1198
AR26-10033471,0.1198
AR26-10033481,0.1198
AR26-10033484,0.1198
AR26-10033485,0.1198
AR26-10033487,0.1198
AR26-10033503,0.1198
AR26-10033514,0.1198
AR26-10033515,0.1198
AR26-10033518,0.1198
AR26-10033534,0.1198
AR26-10033535,0.1198
AR26-10033543,0.1198
AR26-10033544,0.1198
AR26-10033551,0.1198
AR26-10033566,0.1198
AR26-10033574,0.1198
AR26-10033575,0.1198
AR26-10033581,0.1198
AR26-10033582,0.1198
AR26-10033583,0.1198
AR26-10033584,0.1198
AR26-10033604,0.1198
AR26-10033606,0.1198
AR26-10033608,0.1198
AR26-10033609,0.1198
AR26-10033640,0.1198
AR26-10033644,0.1198
AR26-10033656,0.1198
AR26-10033660,0.1198
AR26-10033663,0.1198
AR26-10033669,0.1198
AR26-10033678,0.1198
AR26-10033679,0.1198
AR26-10033684,0.1198
AR26-10033686,0.1198
AR26-10033688,0.1198
AR26-10033691,0.1198
AR26-10033695,0.1198
AR26-10033709,0.1198
AR26-10033722,0.1198
AR26-10033723,0.1198
AR26-10033725,0.1198
AR26-10033730,0.1198
AR26-10033731,0.1198
AR26-10033736,0.1198
AR26-10033741,0.1198
AR26-10033742,0.1198
AR26-10033744,0.1198
AR26-10033753,0.1198
AR26-10033761,0.1198
AR26-10033762,0.1198
AR26-10033765,0.1198
AR26-10033769,0.1198
AR26-10033772,0.1198
AR26-10033785,0.1198
AR26-10033791,0.1198
AR26-10033801,0.1198
AR26-10033808,0.1198
AR26-10033817,0.1198
AR26-10033824,0.1198
AR26-10033825,0.1198
AR26-10033829,0.1198
AR26-10033830,0.1198
AR26-10033834,0.1198
AR26-10033836,0.1198
AR26-10033840,0.1198
AR26-10033843,0.1198
AR26-10033848,0.1198
AR26-10033858,0.1198
AR26-10033869,0.1198
AR26-10033872,0.1198
AR26-10033885,0.1198
AR26-10033887,0.1198
AR26-10033898,0.1198
AR26-10033902,0.1198
AR26-10033904,0.1198
AR26-10033905,0.1198
AR26-10033906,0.1198
AR26-10033911,0.1198
AR26-10033918,0.1198
AR26-10033929,0.1198
AR26-10033931,0.1198
AR26-10033933,0.1198
AR26-10033935,0.1198
AR26-10033938,0.1198
AR26-10033941,0.1198
AR26-10033946,0.1198
AR26-10033952,0.1198
AR26-10033958,0.1198
AR26-10033970,0.1198
AR26-10033980,0.1198
AR26-10033984,0.1198
AR26-10033994,0.1198
AR26-10033995,0.1198
AR26-10034000,0.1198
AR26-10034009,0.1198
AR26-10034013,0.1198
AR26-10034014,0.1198
AR26-10034016,0.1198
AR26-10034018,0.1198
AR26-10034028,0.1198
AR26-10034030,0.1198
AR26-10034074,0.1198
AR26-10034087,0.1198
AR26-10034090,0.1198
AR26-10034108,0.1198
AR26-10034117,0.1198
AR26-10034128,0.1198
AR26-10034149,0.1198
AR26-10034150,0.1198
AR26-10034152,0.1198
AR26-10034159,0.1198
AR26-10034162,0.1198
AR26-10034168,0.1198
AR26-10034171,0.1198
AR26-10034190,0.1198
AR26-10034191,0.1198
AR26-10034197,0.1198
AR26-10034204,0.1198
AR26-10034212,0.1198
AR26-10034242,0.1198
AR26-10034243,0.1198
AR26-10034255,0.1198
AR26-10034262,0.1198
AR26-10034268,0.1198
AR26-10034276,0.1198
AR26-10034287,0.1198
AR26-10034297,0.1198
AR26-10034299,0.1198
AR26-10034303,0.1198
AR26-10034316,0.1198
AR26-10034317,0.1198
AR26-10034318,0.1198
AR26-10034322,0.1198
AR26-10034325,0.1198
AR26-10034336,0.1198
AR26-10034339,0.1198
AR26-10034343,0.1198
AR26-10034345,0.1198
AR26-10034349,0.1198
AR26-10034350,0.1198
AR26-10034366,0.1198
AR26-10034373,0.1198
AR26-10034377,0.1198
AR26-10034392,0.1198
AR26-10034395,0.1198
AR26-10034396,0.1198
AR26-10034400,0.1198
AR26-10034410,0.1198
AR26-10034416,0.1198
AR26-10034417,0.1198
AR26-10034419,0.1198
AR26-10034421,0.1198
AR26-10034426,0.1198
AR26-10034429,0.1198
AR26-10034433,0.1198
AR26-10034448,0.1198
AR26-10034449,0.1198
AR26-10034456,0.1198
AR26-10034460,0.1198
AR26-10034469,0.1198
AR26-10034475,0.1198
AR26-10034487,0.1198
AR26-10034489,0.1198
AR26-10034490,0.1198
AR26-10034492,0.1198
AR26-10034498,0.1198
AR26-10034508,0.1198
AR26-10034519,0.1198
AR26-10034529,0.1198
AR26-10034531,0.1198
AR26-10034533,0.1198
AR26-10034536,0.1198
AR26-10034537,0.1198
AR26-10034540,0.1198
AR26-10034547,0.1198
AR26-10034553,0.1198
AR26-10034554,0.1198
AR26-10034557,0.1198
AR26-10034561,0.1198
AR26-10034566,0.1198
AR26-10034577,0.1198
AR26-10034583,0.1198
AR26-10034588,0.1198
AR26-10034592,0.1198
AR26-10034605,0.1198
AR26-10034611,0.1198
AR26-10034618,0.1198
AR26-10034619,0.1198
AR26-10034622,0.1198
AR26-10034625,0.1198
AR26-10034633,0.1198
AR26-10034639,0.1198
AR26-10034644,0.1198
AR26-10034650,0.1198
AR26-10034661,0.1198
AR26-10034665,0.1198
AR26-10034670,0.1198
AR26-10034672,0.1198
AR26-10034680,0.1198
AR26-10034681,0.1198
AR26-10034689,0.1198
AR26-10034699,0.1198
AR26-10034702,0.1198
AR26-10034709,0.1198
AR26-10034716,0.1198
AR26-10034719,0.1198
AR26-10034722,0.1198
AR26-10034730,0.1198
AR26-10034741,0.1198
AR26-10034745,0.1198
AR26-10034746,0.1198
AR26-10034747,0.1198
AR26-10034751,0.1198
AR26-10034754,0.1198
AR26-10034784,0.1198
AR26-10034785,0.1198
AR26-10034788,0.1198
AR26-10034790,0.1198
AR26-10034791,0.1198
AR26-10034792,0.1198
AR26-10034803,0.1198
AR26-10034820,0.1198
AR26-10034829,0.1198
AR26-10034847,0.1198
AR26-10034859,0.1198
AR26-10034878,0.1198
AR26-10034880,0.1198
AR26-10034888,0.1198
AR26-10034891,0.1198
AR26-10034892,0.1198
AR26-10034917,0.1198
AR26-10034930,0.1198
AR26-10034931,0.1198
AR26-10034938,0.1198
AR26-10034948,0.1198
AR26-10034956,0.1198
AR26-10034959,0.1198
AR26-10034972,0.1198
AR26-10034977,0.1198
AR26-10034979,0.1198
AR26-10034980,0.1198
AR26-10034982,0.1198
AR26-10034983,0.1198
AR26-10034989,0.1198
AR26-10034992,0.1198
AR26-10034997,0.1198
AR26-10035013,0.1198
AR26-10035016,0.1198
AR26-10035019,0.1198
AR26-10035047,0.1198
AR26-10035049,0.1198
AR26-10035053,0.1198
AR26-10035066,0.1198
AR26-10035079,0.1198
AR26-10035084,0.1198
AR26-10035090,0.1198
AR26-10035101,0.1198
AR26-10035105,0.1198
AR26-10035107,0.1198
AR26-10035108,0.1198
AR26-10035111,0.1198
AR26-10035112,0.1198
AR26-10035124,0.1198
AR26-10035125,0.1198
AR26-10035131,0.1198
AR26-10035135,0.1198
AR26-10035148,0.1198
AR26-10035157,0.1198
AR26-10035165,0.1198
AR26-10035166,0.1198
AR26-10035167,0.1198
AR26-10035185,0.1198
AR26-10035189,0.1198
AR26-10035198,0.1198
AR26-10035205,0.1198
AR26-10035209,0.1198
AR26-10035216,0.1198
AR26-10035220,0.1198
AR26-10035225,0.1198
AR26-10035227,0.1198
AR26-10035228,0.1198
AR26-10035234,0.1198
AR26-10035238,0.1198
AR26-10035242,0.1198
AR26-10035247,0.1198
AR26-10035248,0.1198
AR26-10035262,0.1198
AR26-10035276,0.1198
AR26-10035278,0.1198
AR26-10035286,0.1198
AR26-10035291,0.1198
AR26-10035297,0.1198
AR26-10035300,0.1198
AR26-10035303,0.1198
AR26-10035305,0.1198
AR26-10035309,0.1198
AR26-10035310,0.1198
AR26-10035317,0.1198
AR26-10035318,0.1198
AR26-10035327,0.1198
AR26-10035328,0.1198
AR26-10035330,0.1198
AR26-10035350,0.1198
AR26-10035351,0.1198
AR26-10035355,0.1198
AR26-10035356,0.1198
AR26-10035361,0.1198
AR26-10035367,0.1198
AR26-10035375,0.1198
AR26-10035376,0.1198
AR26-10035378,0.1198
AR26-10035380,0.1198
AR26-10035383,0.1198
AR26-10035395,0.1198
AR26-10035397,0.1198
AR26-10035402,0.1198
AR26-10035407,0.1198
AR26-10035426,0.1198
AR26-10035429,0.1198
AR26-10035430,0.1198
AR26-10035432,0.1198
AR26-10035437,0.1198
AR26-10035440,0.1198
AR26-10035441,0.1198
AR26-10035448,0.1198
AR26-10035451,0.1198
AR26-10035453,0.1198
AR26-10035454,0.1198
AR26-10035459,0.1198
AR26-10035467,0.1198
AR26-10035478,0.1198
AR26-10035479,0.1198
AR26-10035491,0.1198
AR26-10035513,0.1198
AR26-10035520,0.1198
AR26-10035521,0.1198
AR26-10035531,0.1198
AR26-10035533,0.1198
AR26-10035545,0.1198
AR26-10035549,0.1198
AR26-10035551,0.1198
AR26-10035553,0.1198
AR26-10035559,0.1198
AR26-10035566,0.1198
AR26-10035569,0.1198
AR26-10035574,0.1198
AR26-10035578,0.1198
AR26-10035590,0.1198
AR26-10035591,0.1198
AR26-10035594,0.1198
AR26-10035595,0.1198
AR26-10035596,0.1198
AR26-10035599,0.1198
AR26-10035602,0.1198
AR26-10035606,0.1198
AR26-10035612,0.1198
AR26-10035613,0.1198
AR26-10035620,0.1198
AR26-10035632,0.1198
AR26-10035642,0.1198
AR26-10035643,0.1198
AR26-10035645,0.1198
AR26-10035649,0.1198
AR26-10035653,0.1198
AR26-10035655,0.1198
AR26-10035656,0.1198
AR26-10035657,0.1198
AR26-10035662,0.1198
AR26-10035669,0.1198
AR26-10035672,0.1198
AR26-10035682,0.1198
AR26-10035703,0.1198
AR26-10035704,0.1198
AR26-10035711,0.1198
AR26-10035712,0.1198
AR26-10035720,0.1198
AR26-10035724,0.1198
AR26-10035727,0.1198
AR26-10035738,0.1198
AR26-10035739,0.1198
AR26-10035740,0.1198
AR26-10035741,0.1198
AR26-10035745,0.1198
AR26-10035751,0.1198
AR26-10035757,0.1198
AR26-10035765,0.1198
AR26-10035768,0.1198
AR26-10035777,0.1198
AR26-10035788,0.1198
AR26-10035792,0.1198
AR26-10035803,0.1198
AR26-10035810,0.1198
AR26-10035829,0.1198
AR26-10035831,0.1198
AR26-10035839,0.1198
AR26-10035844,0.1198
AR26-10035847,0.1198
AR26-10035851,0.1198
AR26-10035865,0.1198
AR26-10035872,0.1198
AR26-10035874,0.1198
AR26-10035898,0.1198
AR26-10035905,0.1198
AR26-10035920,0.1198
AR26-10035925,0.1198
AR26-10035934,0.1198
AR26-10035946,0.1198
AR26-10035950,0.1198
AR26-10035952,0.1198
AR26-10035960,0.1198
AR26-10035976,0.1198
AR26-10035979,0.1198
AR26-10035980,0.1198
AR26-10035982,0.1198
AR26-10035983,0.1198
AR26-10036000,0.1198
AR26-10036003,0.1198
AR26-10036008,0.1198
AR26-10036010,0.1198
AR26-10036018,0.1198
AR26-10036019,0.1198
AR26-10036024,0.1198
AR26-10036033,0.1198
AR26-10036034,0.1198
AR26-10036044,0.1198
AR26-10036047,0.1198
AR26-10036066,0.1198
AR26-10036069,0.1198
AR26-10036071,0.1198
AR26-10036072,0.1198
AR26-10036078,0.1198
AR26-10036079,0.1198
AR26-10036085,0.1198
AR26-10036109,0.1198
AR26-10036121,0.1198
AR26-10036122,0.1198
AR26-10036123,0.1198
AR26-10036133,0.1198
AR26-10036134,0.1198
AR26-10036136,0.1198
AR26-10036142,0.1198
AR26-10036146,0.1198
AR26-10036149,0.1198
AR26-10036150,0.1198
AR26-10036155,0.1198
AR26-10036163,0.1198
AR26-10036165,0.1198
AR26-10036169,0.1198
AR26-10036170,0.1198
AR26-10036171,0.1198
AR26-10036173,0.1198
AR26-10036219,0.1198
AR26-10036224,0.1198
AR26-10036226,0.1198
AR26-10036228,0.1198
AR26-10036230,0.1198
AR26-10036235,0.1198
AR26-10036240,0.1198
AR26-10036241,0.1198
AR26-10036246,0.1198
AR26-10036255,0.1198
AR26-10036256,0.1198
AR26-10036269,0.1198
AR26-10036275,0.1198
AR26-10036276,0.1198
AR26-10036277,0.1198
AR26-10036278,0.1198
AR26-10036279,0.1198
AR26-10036280,0.1198
AR26-10036296,0.1198
AR26-10036297,0.1198
AR26-10036301,0.1198
AR26-10036308,0.1198
AR26-10036309,0.1198
AR26-10036312,0.1198
AR26-10036321,0.1198
AR26-10036322,0.1198
AR26-10036324,0.1198
AR26-10036326,0.1198
AR26-10036328,0.1198
AR26-10036337,0.1198
AR26-10036339,0.1198
AR26-10036352,0.1198
AR26-10036361,0.1198
AR26-10036364,0.1198
AR26-10036365,0.1198
AR26-10036366,0.1198
AR26-10036367,0.1198
AR26-10036370,0.1198
AR26-10036377,0.1198
AR26-10036378,0.1198
AR26-10036382,0.1198
AR26-10036398,0.1198
AR26-10036399,0.1198
AR26-10036405,0.1198
AR26-10036414,0.1198
AR26-10036417,0.1198
AR26-10036424,0.1198
AR26-10036432,0.1198
AR26-10036435,0.1198
AR26-10036443,0.1198
AR26-10036447,0.1198
AR26-10036452,0.1198
AR26-10036471,0.1198
AR26-10036474,0.1198
AR26-10036489,0.1198
AR26-10036490,0.1198
AR26-10036506,0.1198
AR26-10036510,0.1198
AR26-10036513,0.1198
AR26-10036516,0.1198
AR26-10036519,0.1198
AR26-10036523,0.1198
AR26-10036531,0.1198
AR26-10036544,0.1198
AR26-10036545,0.1198
AR26-10036549,0.1198
AR26-10036556,0.1198
AR26-10036557,0.1198
AR26-10036558,0.1198
AR26-10036561,0.1198
AR26-10036563,0.1198
AR26-10036572,0.1198
AR26-10036575,0.1198
AR26-10036578,0.1198
AR26-10036588,0.1198
AR26-10036589,0.1198
AR26-10036590,0.1198
AR26-10036594,0.1198
AR26-10036599,0.1198
AR26-10036604,0.1198
AR26-10036609,0.1198
AR26-10036613,0.1198
AR26-10036619,0.1198
AR26-10036625,0.1198
AR26-10036626,0.1198
AR26-10036638,0.1198
AR26-10036639,0.1198
AR26-10036650,0.1198
AR26-10036653,0.1198
AR26-10036655,0.1198
AR26-10036657,0.1198
AR26-10036660,0.1198
AR26-10036662,0.1198
AR26-10036664,0.1198
AR26-10036666,0.1198
AR26-10036669,0.1198
AR26-10036670,0.1198
AR26-10036678,0.1198
AR26-10036681,0.1198
AR26-10036685,0.1198
AR26-10036690,0.1198
AR26-10036703,0.1198
AR26-10036708,0.1198
AR26-10036710,0.1198
AR26-10036715,0.1198
AR26-10036717,0.1198
AR26-10036721,0.1198
AR26-10036731,0.1198
AR26-10036732,0.1198
AR26-10036734,0.1198
AR26-10036738,0.1198
AR26-10036748,0.1198
AR26-10036749,0.1198
AR26-10036750,0.1198
AR26-10036756,0.1198
AR26-10036764,0.1198
AR26-10036770,0.1198
AR26-10036779,0.1198
AR26-10036780,0.1198
AR26-10036787,0.1198
AR26-10036798,0.1198
AR26-10036802,0.1198
AR26-10036809,0.1198
AR26-10036811,0.1198
AR26-10036817,0.1198
AR26-10036822,0.1198
AR26-10036825,0.1198
AR26-10036828,0.1198
AR26-10036832,0.1198
AR26-10036842,0.1198
AR26-10036845,0.1198
AR26-10036854,0.1198
AR26-10036857,0.1198
AR26-10036858,0.1198
AR26-10036859,0.1198
AR26-10036860,0.1198
AR26-10036861,0.1198
AR26-10036866,0.1198
AR26-10036874,0.1198
AR26-10036878,0.1198
AR26-10036880,0.1198
AR26-10036886,0.1198
AR26-10036891,0.1198
AR26-10036897,0.1198
AR26-10036898,0.1198
AR26-10036901,0.1198
AR26-10036908,0.1198
AR26-10036910,0.1198
AR26-10036914,0.1198
AR26-10036916,0.1198
AR26-10036926,0.1198
AR26-10036927,0.1198
AR26-10036928,0.1198
AR26-10036936,0.1198
AR26-10036937,0.1198
AR26-10036938,0.1198
AR26-10036939,0.1198
AR26-10036942,0.1198
AR26-10036947,0.1198
AR26-10037006,0.1198
AR26-10037022,0.1198
AR26-10037023,0.1198
AR26-10037028,0.1198
AR26-10037031,0.1198
AR26-10037035,0.1198
AR26-10037037,0.1198
AR26-10037041,0.1198
AR26-10037062,0.1198
AR26-10037064,0.1198
AR26-10037073,0.1198
AR26-10037074,0.1198
AR26-10037076,0.1198
AR26-10037077,0.1198
AR26-10037080,0.1198
AR26-10037082,0.1198
AR26-10037083,0.1198
AR26-10037090,0.1198
AR26-10037100,0.1198
AR26-10037101,0.1198
AR26-10037108,0.1198
AR26-10037118,0.1198
AR26-10037123,0.1198
AR26-10037133,0.1198
AR26-10037134,0.1198
AR26-10037138,0.1198
AR26-10037141,0.1198
AR26-10037151,0.1198
AR26-10037153,0.1198
AR26-10037159,0.1198
AR26-10037160,0.1198
AR26-10037166,0.1198
AR26-10037169,0.1198
AR26-10037171,0.1198
AR26-10037190,0.1198
AR26-10037207,0.1198
AR26-10037209,0.1198
AR26-10037210,0.1198
AR26-10037223,0.1198
AR26-10037224,0.1198
AR26-10037228,0.1198
AR26-10037229,0.1198
AR26-10037232,0.1198
AR26-10037233,0.1198
AR26-10037234,0.1198
AR26-10037235,0.1198
AR26-10037238,0.1198
AR26-10037264,0.1198
AR26-10037266,0.1198
AR26-10037270,0.1198
AR26-10037290,0.1198
AR26-10037302,0.1198
AR26-10037308,0.1198
AR26-10037319,0.1198
AR26-10037323,0.1198
AR26-10037331,0.1198
AR26-10037339,0.1198
AR26-10037340,0.1198
AR26-10037347,0.1198
AR26-10037349,0.1198
AR26-10037356,0.1198
AR26-10037360,0.1198
AR26-10037362,0.1198
AR26-10037367,0.1198
AR26-10037373,0.1198
AR26-10037377,0.1198
AR26-10037385,0.1198
AR26-10037398,0.1198
AR26-10037407,0.1198
AR26-10037412,0.1198
AR26-10037428,0.1198
AR26-10037430,0.1198
AR26-10037440,0.1198
AR26-10037441,0.1198
AR26-10037444,0.1198
AR26-10037445,0.1198
AR26-10037446,0.1198
AR26-10037463,0.1198
AR26-10037479,0.1198
AR26-10037483,0.1198
AR26-10037485,0.1198
AR26-10037488,0.1198
AR26-10037492,0.1198
AR26-10037494,0.1198
AR26-10037497,0.1198
AR26-10037498,0.1198
AR26-10037501,0.1198
AR26-10037502,0.1198
AR26-10037503,0.1198
AR26-10037509,0.1198
AR26-10037517,0.1198
AR26-10037518,0.1198
AR26-10037520,0.1198
AR26-10037531,0.1198
AR26-10037536,0.1198
AR26-10037541,0.1198
AR26-10037546,0.1198
AR26-10037547,0.1198
AR26-10037551,0.1198
AR26-10037552,0.1198
AR26-10037557,0.1198
AR26-10037568,0.1198
AR26-10037570,0.1198
AR26-10037578,0.1198
AR26-10037579,0.1198
AR26-10037581,0.1198
AR26-10037588,0.1198
AR26-10037592,0.1198
AR26-10037614,0.1198
AR26-10037616,0.1198
AR26-10037617,0.1198
AR26-10037620,0.1198
AR26-10037625,0.1198
AR26-10037627,0.1198
AR26-10037630,0.1198
AR26-10037636,0.1198
AR26-10037638,0.1198
AR26-10037639,0.1198
AR26-10037646,0.1198
AR26-10037657,0.1198
AR26-10037669,0.1198
AR26-10037670,0.1198
AR26-10037673,0.1198
AR26-10037694,0.1198
AR26-10037701,0.1198
AR26-10037704,0.1198
AR26-10037705,0.1198
AR26-10037706,0.1198
AR26-10037708,0.1198
AR26-10037713,0.1198
AR26-10037715,0.1198
AR26-10037720,0.1198
AR26-10037721,0.1198
AR26-10037732,0.1198
AR26-10037734,0.1198
AR26-10037738,0.1198
AR26-10037742,0.1198
AR26-10037743,0.1198
AR26-10037745,0.1198
AR26-10037746,0.1198
AR26-10037747,0.1198
AR26-10037748,0.1198
AR26-10037749,0.1198
AR26-10037751,0.1198
AR26-10037756,0.1198
AR26-10037762,0.1198
AR26-10037767,0.1198
AR26-10037769,0.1198
AR26-10037776,0.1198
AR26-10037782,0.1198
AR26-10037787,0.1198
AR26-10037793,0.1198
AR26-10037802,0.1198
AR26-10037807,0.1198
AR26-10037809,0.1198
AR26-10037810,0.1198
AR26-10037812,0.1198
AR26-10037820,0.1198
AR26-10037828,0.1198
AR26-10037837,0.1198
AR26-10037844,0.1198
AR26-10037847,0.1198
AR26-10037848,0.1198
AR26-10037849,0.1198
AR26-10037851,0.1198
AR26-10037859,0.1198
AR26-10037862,0.1198
AR26-10037863,0.1198
AR26-10037873,0.1198
AR26-10037876,0.1198
AR26-10037883,0.1198
AR26-10037900,0.1198
AR26-10037907,0.1198
AR26-10037910,0.1198
AR26-10037916,0.1198
AR26-10037925,0.1198
AR26-10037940,0.1198
AR26-10037941,0.1198
AR26-10037942,0.1198
AR26-10037945,0.1198
AR26-10037952,0.1198
AR26-10037954,0.1198
AR26-10037957,0.1198
AR26-10037963,0.1198
AR26-10037970,0.1198
AR26-10037973,0.1198
AR26-10038005,0.1198
AR26-10038006,0.1198
AR26-10038007,0.1198
AR26-10038013,0.1198
AR26-10038023,0.1198
AR26-10038028,0.1198
AR26-10038033,0.1198
AR26-10038037,0.1198
AR26-10038050,0.1198
AR26-10038061,0.1198
AR26-10038064,0.1198
AR26-10038066,0.1198
AR26-10038074,0.1198
AR26-10038080,0.1198
AR26-10038085,0.1198
AR26-10038094,0.1198
AR26-10038095,0.1198
AR26-10038096,0.1198
AR26-10038104,0.1198
AR26-10038106,0.1198
AR26-10038111,0.1198
AR26-10038115,0.1198
AR26-10038130,0.1198
AR26-10038137,0.1198
AR26-10038138,0.1198
AR26-10038142,0.1198
AR26-10038149,0.1198
AR26-10038161,0.1198
AR26-10038165,0.1198
AR26-10038167,0.1198
AR26-10038178,0.1198
AR26-10038181,0.1198
AR26-10038184,0.1198
AR26-10038194,0.1198
AR26-10038199,0.1198
AR26-10038202,0.1198
AR26-10038208,0.1198
AR26-10038210,0.1198
AR26-10038216,0.1198
AR26-10038220,0.1198
AR26-10038223,0.1198
AR26-10038230,0.1198
AR26-10038249,0.1198
AR26-10038251,0.1198
AR26-10038252,0.1198
AR26-10038256,0.1198
AR26-10038261,0.1198
AR26-10038263,0.1198
AR26-10038273,0.1198
AR26-10038276,0.1198
AR26-10038278,0.1198
AR26-10038279,0.1198
AR26-10038283,0.1198
AR26-10038294,0.1198
AR26-10038296,0.1198
AR26-10038298,0.1198
AR26-10038312,0.1198
AR26-10038313,0.1198
AR26-10038316,0.1198
AR26-10038317,0.1198
AR26-10038318,0.1198
AR26-10038326,0.1198
AR26-10038330,0.1198
AR26-10038333,0.1198
AR26-10038338,0.1198
AR26-10038339,0.1198
AR26-10038341,0.1198
AR26-10038343,0.1198
AR26-10038344,0.1198
AR26-10038348,0.1198
AR26-10038360,0.1198
AR26-10038361,0.1198
AR26-10038363,0.1198
AR26-10038365,0.1198
AR26-10038368,0.1198
AR26-10038372,0.1198
AR26-10038374,0.1198
AR26-10038384,0.1198
AR26-10038390,0.1198
AR26-10038397,0.1198
AR26-10038409,0.1198
AR26-10038411,0.1198
AR26-10038415,0.1198
AR26-10038417,0.1198
AR26-10038418,0.1198
AR26-10038419,0.1198
AR26-10038421,0.1198
AR26-10038436,0.1198
AR26-10038437,0.1198
AR26-10038449,0.1198
AR26-10038455,0.1198
AR26-10038456,0.1198
AR26-10038457,0.1198
AR26-10038467,0.1198
AR26-10038481,0.1198
AR26-10038485,0.1198
AR26-10038488,0.1198
AR26-10038490,0.1198
AR26-10038508,0.1198
AR26-10038511,0.1198
AR26-10038513,0.1198
AR26-10038519,0.1198
AR26-10038532,0.1198
AR26-10038539,0.1198
AR26-10038544,0.1198
AR26-10038571,0.1198
AR26-10038572,0.1198
AR26-10038573,0.1198
AR26-10038576,0.1198
AR26-10038577,0.1198
AR26-10038578,0.1198
AR26-10038589,0.1198
AR26-10038594,0.1198
AR26-10038598,0.1198
AR26-10038599,0.1198
AR26-10038603,0.1198
AR26-10038606,0.1198
AR26-10038612,0.1198
AR26-10038616,0.1198
AR26-10038621,0.1198
AR26-10038625,0.1198
AR26-10038631,0.1198
AR26-10038638,0.1198
AR26-10038639,0.1198
AR26-10038641,0.1198
AR26-10038644,0.1198
AR26-10038650,0.1198
AR26-10038664,0.1198
AR26-10038667,0.1198
AR26-10038669,0.1198
AR26-10038675,0.1198
AR26-10038676,0.1198
AR26-10038680,0.1198
AR26-10038681,0.1198
AR26-10038691,0.1198
AR26-10038696,0.1198
AR26-10038718,0.1198
AR26-10038728,0.1198
AR26-10038730,0.1198
AR26-10038734,0.1198
AR26-10038750,0.1198
AR26-10038757,0.1198
AR26-10038769,0.1198
AR26-10038781,0.1198
AR26-10038789,0.1198
AR26-10038793,0.1198
AR26-10038797,0.1198
AR26-10038798,0.1198
AR26-10038800,0.1198
AR26-10038808,0.1198
AR26-10038813,0.1198
AR26-10038817,0.1198
AR26-10038830,0.1198
AR26-10038845,0.1198
AR26-10038849,0.1198
AR26-10038854,0.1198
AR26-10038858,0.1198
AR26-10038859,0.1198
AR26-10038861,0.1198
AR26-10038867,0.1198
AR26-10038868,0.1198
AR26-10038870,0.1198
AR26-10038885,0.1198
AR26-10038896,0.1198
AR26-10038906,0.1198
AR26-10038916,0.1198
AR26-10038919,0.1198
AR26-10038930,0.1198
AR26-10038950,0.1198
AR26-10038962,0.1198
AR26-10038963,0.1198
AR26-10038970,0.1198
AR26-10038972,0.1198
AR26-10038981,0.1198
AR26-10038988,0.1198
AR26-10038992,0.1198
AR26-10038999,0.1198
AR26-10039003,0.1198
AR26-10039015,0.1198
AR26-10039016,0.1198
AR26-10039022,0.1198
AR26-10039026,0.1198
AR26-10039036,0.1198
AR26-10039038,0.1198
AR26-10039039,0.1198
AR26-10039044,0.1198
AR26-10039049,0.1198
AR26-10039058,0.1198
AR26-10039062,0.1198
AR26-10039073,0.1198
AR26-10039090,0.1198
AR26-10039091,0.1198
AR26-10039097,0.1198
AR26-10039109,0.1198
AR26-10039128,0.1198
AR26-10039135,0.1198
AR26-10039138,0.1198
AR26-10039142,0.1198
AR26-10039146,0.1198
AR26-10039147,0.1198
AR26-10039166,0.1198
AR26-10039170,0.1198
AR26-10039172,0.1198
AR26-10039176,0.1198
AR26-10039201,0.1198
AR26-10039209,0.1198
AR26-10039215,0.1198
AR26-10039221,0.1198
AR26-10039234,0.1198
AR26-10039235,0.1198
AR26-10039248,0.1198
AR26-10039251,0.1198
AR26-10039253,0.1198
AR26-10039266,0.1198
AR26-10039272,0.1198
AR26-10039277,0.1198
AR26-10039278,0.1198
AR26-10039287,0.1198
AR26-10039290,0.1198
AR26-10039298,0.1198
AR26-10039334,0.1198
AR26-10039340,0.1198
AR26-10039341,0.1198
AR26-10039343,0.1198
AR26-10039350,0.1198
AR26-10039352,0.1198
AR26-10039355,0.1198
AR26-10039357,0.1198
AR26-10039359,0.1198
AR26-10039368,0.1198
AR26-10039369,0.1198
AR26-10039374,0.1198
AR26-10039375,0.1198
AR26-10039379,0.1198
AR26-10039392,0.1198
AR26-10039395,0.1198
AR26-10039396,0.1198
AR26-10039400,0.1198
AR26-10039402,0.1198
AR26-10039403,0.1198
AR26-10039412,0.1198
AR26-10039416,0.1198
AR26-10039423,0.1198
AR26-10039442,0.1198
AR26-10039445,0.1198
AR26-10039446,0.1198
AR26-10039447,0.1198
AR26-10039454,0.1198
AR26-10039461,0.1198
AR26-10039476,0.1198
AR26-10039483,0.1198
AR26-10039484,0.1198
AR26-10039490,0.1198
AR26-10039492,0.1198
AR26-10039495,0.1198
AR26-10039496,0.1198
AR26-10039497,0.1198
AR26-10039502,0.1198
AR26-10039520,0.1198
AR26-10039521,0.1198
AR26-10039526,0.1198
AR26-10039529,0.1198
AR26-10039539,0.1198
AR26-10039542,0.1198
AR26-10039545,0.1198
AR26-10039583,0.1198
AR26-10039593,0.1198
AR26-10039603,0.1198
AR26-10039606,0.1198
AR26-10039607,0.1198
AR26-10039611,0.1198
AR26-10039616,0.1198
AR26-10039627,0.1198
AR26-10039633,0.1198
AR26-10039646,0.1198
AR26-10039648,0.1198
AR26-10039651,0.1198
AR26-10039656,0.1198
AR26-10039664,0.1198
AR26-10039673,0.1198
AR26-10039678,0.1198
AR26-10039679,0.1198
AR26-10039683,0.1198
AR26-10039687,0.1198
AR26-10039691,0.1198
AR26-10039694,0.1198
AR26-10039695,0.1198
AR26-10039703,0.1198
AR26-10039714,0.1198
AR26-10039718,0.1198
AR26-10039726,0.1198
AR26-10039730,0.1198
AR26-10039740,0.1198
AR26-10039742,0.1198
AR26-10039745,0.1198
AR26-10039746,0.1198
AR26-10039747,0.1198
AR26-10039759,0.1198
AR26-10039766,0.1198
AR26-10039769,0.1198
AR26-10039780,0.1198
AR26-10039783,0.1198
AR26-10039788,0.1198
AR26-10039790,0.1198
AR26-10039796,0.1198
AR26-10039809,0.1198
AR26-10039811,0.1198
AR26-10039812,0.1198
AR26-10039815,0.1198
AR26-10039818,0.1198
AR26-10039820,0.1198
AR26-10039823,0.1198
AR26-10039825,0.1198
AR26-10039826,0.1198
AR26-10039833,0.1198
AR26-10039854,0.1198
AR26-10039858,0.1198
AR26-10039868,0.1198
AR26-10039884,0.1198
AR26-10039888,0.1198
AR26-10039889,0.1198
AR26-10039890,0.1198
AR26-10039891,0.1198
AR26-10039893,0.1198
AR26-10039894,0.1198
AR26-10039899,0.1198
AR26-10039902,0.1198
AR26-10039907,0.1198
AR26-10039912,0.1198
AR26-10039926,0.1198
AR26-10039939,0.1198
AR26-10039957,0.1198
AR26-10039960,0.1198
AR26-10039962,0.1198
AR26-10039978,0.1198
AR26-10039982,0.1198
AR26-10039987,0.1198
AR26-10039993,0.1198
AR26-10039995,0.1198
AR26-10040012,0.1198
AR26-10040020,0.1198
AR26-10040029,0.1198
AR26-10040033,0.1198
AR26-10040039,0.1198
AR26-10040040,0.1198
AR26-10040045,0.1198
AR26-10040046,0.1198
AR26-10040048,0.1198
AR26-10040051,0.1198
AR26-10040058,0.1198
AR26-10040064,0.1198
AR26-10040067,0.1198
AR26-10040071,0.1198
AR26-10040093,0.1198
AR26-10040102,0.1198
AR26-10040106,0.1198
AR26-10040116,0.1198
AR26-10040135,0.1198
AR26-10040140,0.1198
AR26-10040145,0.1198
AR26-10040147,0.1198
AR26-10040156,0.1198
AR26-10040157,0.1198
AR26-10040164,0.1198
AR26-10040170,0.1198
AR26-10040179,0.1198
AR26-10040181,0.1198
AR26-10040190,0.1198
AR26-10040191,0.1198
AR26-10040195,0.1198
AR26-10040196,0.1198
AR26-10040198,0.1198
AR26-10040201,0.1198
AR26-10040204,0.1198
AR26-10040211,0.1198
AR26-10040218,0.1198
AR26-10040234,0.1198
AR26-10040235,0.1198
AR26-10040236,0.1198
AR26-10040245,0.1198
AR26-10040247,0.1198
AR26-10040250,0.1198
AR26-10040251,0.1198
AR26-10040279,0.1198
AR26-10040282,0.1198
AR26-10040289,0.1198
AR26-10040292,0.1198
AR26-10040302,0.1198
AR26-10040304,0.1198
AR26-10040306,0.1198
AR26-10040313,0.1198
AR26-10040314,0.1198
AR26-10040317,0.1198
AR26-10040322,0.1198
AR26-10040331,0.1198
AR26-10040344,0.1198
AR26-10040357,0.1198
AR26-10040362,0.1198
AR26-10040382,0.1198
AR26-10040394,0.1198
AR26-10040396,0.1198
AR26-10040404,0.1198
AR26-10040405,0.1198
AR26-10040434,0.1198
AR26-10040436,0.1198
AR26-10040442,0.1198
AR26-10040452,0.1198
AR26-10040454,0.1198
AR26-10040457,0.1198
AR26-10040461,0.1198
AR26-10040462,0.1198
AR26-10040464,0.1198
AR26-10040469,0.1198
AR26-10040474,0.1198
AR26-10040476,0.1198
AR26-10040483,0.1198
AR26-10040493,0.1198
AR26-10040494,0.1198
AR26-10040498,0.1198
AR26-10040503,0.1198
AR26-10040511,0.1198
AR26-10040512,0.1198
AR26-10040515,0.1198
AR26-10040518,0.1198
AR26-10040523,0.1198
AR26-10040525,0.1198
AR26-10040528,0.1198
AR26-10040534,0.1198
AR26-10040536,0.1198
AR26-10040543,0.1198
AR26-10040550,0.1198
AR26-10040551,0.1198
AR26-10040553,0.1198
AR26-10040560,0.1198
AR26-10040577,0.1198
AR26-10040586,0.1198
AR26-10040593,0.1198
AR26-10040597,0.1198
AR26-10040609,0.1198
AR26-10040611,0.1198
AR26-10040614,0.1198
AR26-10040615,0.1198
AR26-10040616,0.1198
AR26-10040617,0.1198
AR26-10040618,0.1198
AR26-10040624,0.1198
AR26-10040646,0.1198
AR26-10040647,0.1198
AR26-10040650,0.1198
AR26-10040652,0.1198
AR26-10040656,0.1198
AR26-10040659,0.1198
AR26-10040662,0.1198
AR26-10040683,0.1198
AR26-10040691,0.1198
AR26-10040703,0.1198
AR26-10040707,0.1198
AR26-10040708,0.1198
AR26-10040711,0.1198
AR26-10040712,0.1198
AR26-10040719,0.1198
AR26-10040720,0.1198
AR26-10040724,0.1198
AR26-10040730,0.1198
AR26-10040736,0.1198
AR26-10040743,0.1198
AR26-10040745,0.1198
AR26-10040747,0.1198
AR26-10040761,0.1198
AR26-10040763,0.1198
AR26-10040769,0.1198
AR26-10040785,0.1198
AR26-10040790,0.1198
AR26-10040808,0.1198
AR26-10040811,0.1198
AR26-10040813,0.1198
AR26-10040815,0.1198
AR26-10040816,0.1198
AR26-10040818,0.1198
AR26-10040827,0.1198
AR26-10040831,0.1198
AR26-10040833,0.1198
AR26-10040834,0.1198
AR26-10040835,0.1198
AR26-10040836,0.1198
AR26-10040838,0.1198
AR26-10040859,0.1198
AR26-10040862,0.1198
AR26-10040869,0.1198
AR26-10040880,0.1198
AR26-10040883,0.1198
AR26-10040889,0.1198
AR26-10040900,0.1198
AR26-10040901,0.1198
AR26-10040902,0.1198
AR26-10040905,0.1198
AR26-10040915,0.1198
AR26-10040916,0.1198
AR26-10040917,0.1198
AR26-10040918,0.1198
AR26-10040919,0.1198
AR26-10040924,0.1198
AR26-10040931,0.1198
AR26-10040936,0.1198
AR26-10040947,0.1198
AR26-10040955,0.1198
AR26-10040962,0.1198
AR26-10040963,0.1198
AR26-10040964,0.1198
AR26-10040967,0.1198
AR26-10040977,0.1198
AR26-10040984,0.1198
AR26-10040992,0.1198
AR26-10041001,0.1198
AR26-10041002,0.1198
AR26-10041005,0.1198
AR26-10041011,0.1198
AR26-10041012,0.1198
AR26-10041013,0.1198
AR26-10041022,0.1198
AR26-10041026,0.1198
AR26-10041034,0.1198
AR26-10041037,0.1198
AR26-10041040,0.1198
AR26-10041048,0.1198
AR26-10041050,0.1198
AR26-10041051,0.1198
AR26-10041067,0.1198
AR26-10041069,0.1198
AR26-10041070,0.1198
AR26-10041073,0.1198
AR26-10041074,0.1198
AR26-10041078,0.1198
AR26-10041095,0.1198
AR26-10041106,0.1198
AR26-10041107,0.1198
AR26-10041121,0.1198
AR26-10041134,0.1198
AR26-10041144,0.1198
AR26-10041145,0.1198
AR26-10041150,0.1198
AR26-10041153,0.1198
AR26-10041158,0.1198
AR26-10041182,0.1198
AR26-10041199,0.1198
AR26-10041207,0.1198
AR26-10041212,0.1198
AR26-10041229,0.1198
AR26-10041230,0.1198
AR26-10041231,0.1198
AR26-10041250,0.1198
AR26-10041251,0.1198
AR26-10041257,0.1198
AR26-10041259,0.1198
AR26-10041265,0.1198
AR26-10041266,0.1198
AR26-10041274,0.1198
AR26-10041282,0.1198
AR26-10041287,0.1198
AR26-10041314,0.1198
AR26-10041317,0.1198
AR26-10041323,0.1198
AR26-10041331,0.1198
AR26-10041332,0.1198
AR26-10041338,0.1198
AR26-10041342,0.1198
AR26-10041346,0.1198
AR26-10041352,0.1198
AR26-10041358,0.1198
AR26-10041359,0.1198
AR26-10041388,0.1198
AR26-10041390,0.1198
AR26-10041394,0.1198
AR26-10041397,0.1198
AR26-10041407,0.1198
AR26-10041413,0.1198
AR26-10041428,0.1198
AR26-10041431,0.1198
AR26-10041442,0.1198
AR26-10041450,0.1198
AR26-10041458,0.1198
AR26-10041466,0.1198
AR26-10041476,0.1198
AR26-10041479,0.1198
AR26-10041482,0.1198
AR26-10041486,0.1198
AR26-10041490,0.1198
AR26-10041491,0.1198
AR26-10041501,0.1198
AR26-10041502,0.1198
AR26-10041509,0.1198
AR26-10041510,0.1198
AR26-10041515,0.1198
AR26-10041534,0.1198
AR26-10041536,0.1198
AR26-10041546,0.1198
AR26-10041556,0.1198
AR26-10041575,0.1198
AR26-10041581,0.1198
AR26-10041591,0.1198
AR26-10041592,0.1198
AR26-10041593,0.1198
AR26-10041597,0.1198
AR26-10041604,0.1198
AR26-10041606,0.1198
AR26-10041614,0.1198
AR26-10041616,0.1198
AR26-10041631,0.1198
AR26-10041638,0.1198
AR26-10041643,0.1198
AR26-10041649,0.1198
AR26-10041650,0.1198
AR26-10041656,0.1198
AR26-10041657,0.1198
AR26-10041658,0.1198
AR26-10041666,0.1198
AR26-10041668,0.1198
AR26-10041672,0.1198
AR26-10041675,0.1198
AR26-10041680,0.1198
AR26-10041681,0.1198
AR26-10041685,0.1198
AR26-10041691,0.1198
AR26-10041697,0.1198
AR26-10041720,0.1198
AR26-10041722,0.1198
AR26-10041726,0.1198
AR26-10041733,0.1198
AR26-10041734,0.1198
AR26-10041738,0.1198
AR26-10041741,0.1198
AR26-10041749,0.1198
AR26-10041752,0.1198
AR26-10041767,0.1198
AR26-10041775,0.1198
AR26-10041776,0.1198
AR26-10041778,0.1198
AR26-10041782,0.1198
AR26-10041786,0.1198
AR26-10041793,0.1198
AR26-10041798,0.1198
AR26-10041802,0.1198
AR26-10041805,0.1198
AR26-10041832,0.1198
AR26-10041834,0.1198
AR26-10041851,0.1198
AR26-10041853,0.1198
AR26-10041859,0.1198
AR26-10041860,0.1198
AR26-10041865,0.1198
AR26-10041889,0.1198
AR26-10041900,0.1198
AR26-10041920,0.1198
AR26-10041921,0.1198
AR26-10041930,0.1198
AR26-10041931,0.1198
AR26-10041935,0.1198
AR26-10041937,0.1198
AR26-10041938,0.1198
AR26-10041946,0.1198
AR26-10041949,0.1198
AR26-10041957,0.1198
AR26-10041966,0.1198
AR26-10041977,0.1198
AR26-10041990,0.1198
AR26-10041992,0.1198
AR26-10041994,0.1198
AR26-10042002,0.1198
AR26-10042003,0.1198
AR26-10042008,0.1198
AR26-10042010,0.1198
AR26-10042011,0.1198
AR26-10042014,0.1198
AR26-10042054,0.1198
AR26-10042059,0.1198
AR26-10042065,0.1198
AR26-10042066,0.1198
AR26-10042080,0.1198
AR26-10042081,0.1198
AR26-10042082,0.1198
AR26-10042091,0.1198
AR26-10042097,0.1198
AR26-10042100,0.1198
AR26-10042121,0.1198
AR26-10042126,0.1198
AR26-10042128,0.1198
AR26-10042146,0.1198
AR26-10042147,0.1198
AR26-10042156,0.1198
AR26-10042183,0.1198
AR26-10042195,0.1198
AR26-10042197,0.1198
AR26-10042217,0.1198
AR26-10042219,0.1198
AR26-10042229,0.1198
AR26-10042230,0.1198
AR26-10042233,0.1198
AR26-10042236,0.1198
AR26-10042243,0.1198
AR26-10042250,0.1198
AR26-10042261,0.1198
AR26-10042275,0.1198
AR26-10042286,0.1198
AR26-10042298,0.1198
AR26-10042304,0.1198
AR26-10042314,0.1198
AR26-10042325,0.1198
AR26-10042331,0.1198
AR26-10042365,0.1198
AR26-10042371,0.1198
AR26-10042373,0.1198
AR26-10042381,0.1198
AR26-10042398,0.1198
AR26-10042399,0.1198
AR26-10042407,0.1198
AR26-10042413,0.1198
AR26-10042416,0.1198
AR26-10042417,0.1198
AR26-10042418,0.1198
AR26-10042423,0.1198
AR26-10042424,0.1198
AR26-10042432,0.1198
AR26-10042440,0.1198
AR26-10042444,0.1198
AR26-10042446,0.1198
AR26-10042458,0.1198
AR26-10042464,0.1198
AR26-10042469,0.1198
AR26-10042479,0.1198
AR26-10042490,0.1198
AR26-10042494,0.1198
AR26-10042497,0.1198
AR26-10042510,0.1198
AR26-10042517,0.1198
AR26-10042524,0.1198
AR26-10042535,0.1198
AR26-10042536,0.1198
AR26-10042537,0.1198
AR26-10042541,0.1198
AR26-10042550,0.1198
AR26-10042555,0.1198
AR26-10042562,0.1198
AR26-10042571,0.1198
AR26-10042576,0.1198
AR26-10042580,0.1198
AR26-10042590,0.1198
AR26-10042601,0.1198
AR26-10042602,0.1198
AR26-10042606,0.1198
AR26-10042607,0.1198
AR26-10042615,0.1198
AR26-10042621,0.1198
AR26-10042626,0.1198
AR26-10042627,0.1198
AR26-10042631,0.1198
AR26-10042637,0.1198
AR26-10042647,0.1198
AR26-10042674,0.1198
AR26-10042677,0.1198
AR26-10042680,0.1198
AR26-10042681,0.1198
AR26-10042687,0.1198
AR26-10042688,0.1198
AR26-10042691,0.1198
AR26-10042692,0.1198
AR26-10042696,0.1198
AR26-10042698,0.1198
AR26-10042713,0.1198
AR26-10042716,0.1198
AR26-10042741,0.1198
AR26-10042752,0.1198
AR26-10042765,0.1198
AR26-10042769,0.1198
AR26-10042778,0.1198
AR26-10042779,0.1198
AR26-10042782,0.1198
AR26-10042792,0.1198
AR26-10042798,0.1198
AR26-10042806,0.1198
AR26-10042812,0.1198
AR26-10042813,0.1198
AR26-10042818,0.1198
AR26-10042819,0.1198
AR26-10042821,0.1198
AR26-10042823,0.1198
AR26-10042828,0.1198
AR26-10042841,0.1198
AR26-10042854,0.1198
AR26-10042858,0.1198
AR26-10042863,0.1198
AR26-10042873,0.1198
AR26-10042874,0.1198
AR26-10042876,0.1198
AR26-10042879,0.1198
AR26-10042882,0.1198
AR26-10042883,0.1198
AR26-10042885,0.1198
AR26-10042887,0.1198
AR26-10042895,0.1198
AR26-10042906,0.1198
AR26-10042914,0.1198
AR26-10042916,0.1198
AR26-10042917,0.1198
AR26-10042918,0.1198
AR26-10042923,0.1198
AR26-10042930,0.1198
AR26-10042941,0.1198
AR26-10042950,0.1198
AR26-10042953,0.1198
AR26-10042954,0.1198
AR26-10042980,0.1198
AR26-10042981,0.1198
AR26-10042987,0.1198
AR26-10042988,0.1198
AR26-10042992,0.1198
AR26-10042996,0.1198
AR26-10043001,0.1198
AR26-10043007,0.1198
AR26-10043017,0.1198
AR26-10043022,0.1198
AR26-10043023,0.1198
AR26-10043025,0.1198
AR26-10043029,0.1198
AR26-10043035,0.1198
AR26-10043046,0.1198
AR26-10043059,0.1198
AR26-10043062,0.1198
AR26-10043075,0.1198
AR26-10043082,0.1198
AR26-10043085,0.1198
AR26-10043086,0.1198
AR26-10043095,0.1198
AR26-10043098,0.1198
AR26-10043101,0.1198
AR26-10043137,0.1198
AR26-10043140,0.1198
AR26-10043143,0.1198
AR26-10043147,0.1198
AR26-10043149,0.1198
AR26-10043161,0.1198
AR26-10043179,0.1198
AR26-10043181,0.1198
AR26-10043182,0.1198
AR26-10043186,0.1198
AR26-10043206,0.1198
AR26-10043213,0.1198
AR26-10043219,0.1198
AR26-10043222,0.1198
AR26-10043233,0.1198
AR26-10043235,0.1198
AR26-10043243,0.1198
AR26-10043245,0.1198
AR26-10043247,0.1198
AR26-10043254,0.1198
AR26-10043257,0.1198
AR26-10043259,0.1198
AR26-10043264,0.1198
AR26-10043279,0.1198
AR26-10043282,0.1198
AR26-10043283,0.1198
AR26-10043288,0.1198
AR26-10043293,0.1198
AR26-10043296,0.1198
AR26-10043305,0.1198
AR26-10043306,0.1198
AR26-10043308,0.1198
AR26-10043310,0.1198
AR26-10043313,0.1198
AR26-10043324,0.1198
AR26-10043342,0.1198
AR26-10043348,0.1198
AR26-10043349,0.1198
AR26-10043353,0.1198
AR26-10043363,0.1198
AR26-10043365,0.1198
AR26-10043374,0.1198
AR26-10043382,0.1198
AR26-10043387,0.1198
AR26-10043392,0.1198
AR26-10043398,0.1198
AR26-10043401,0.1198
AR26-10043409,0.1198
AR26-10043419,0.1198
AR26-10043436,0.1198
AR26-10043442,0.1198
AR26-10043445,0.1198
AR26-10043446,0.1198
AR26-10043452,0.1198
AR26-10043456,0.1198
AR26-10043463,0.1198
AR26-10043468,0.1198
AR26-10043471,0.1198
AR26-10043473,0.1198
AR26-10043490,0.1198
AR26-10043512,0.1198
AR26-10043530,0.1198
AR26-10043536,0.1198
AR26-10043540,0.1198
AR26-10043541,0.1198
AR26-10043543,0.1198
AR26-10043544,0.1198
AR26-10043562,0.1198
AR26-10043569,0.1198
AR26-10043596,0.1198
AR26-10043614,0.1198
AR26-10043632,0.1198
AR26-10043636,0.1198
AR26-10043643,0.1198
AR26-10043645,0.1198
AR26-10043655,0.1198
AR26-10043662,0.1198
AR26-10043668,0.1198
AR26-10043679,0.1198
AR26-10043686,0.1198
AR26-10043688,0.1198
AR26-10043697,0.1198
AR26-10043700,0.1198
AR26-10043702,0.1198
AR26-10043710,0.1198
AR26-10043713,0.1198
AR26-10043714,0.1198
AR26-10043725,0.1198
AR26-10043726,0.1198
AR26-10043729,0.1198
AR26-10043730,0.1198
AR26-10043733,0.1198
AR26-10043743,0.1198
AR26-10043745,0.1198
AR26-10043752,0.1198
AR26-10043754,0.1198
AR26-10043790,0.1198
AR26-10043792,0.1198
AR26-10043796,0.1198
AR26-10043797,0.1198
AR26-10043810,0.1198
AR26-10043825,0.1198
AR26-10043827,0.1198
AR26-10043832,0.1198
AR26-10043833,0.1198
AR26-10043849,0.1198
AR26-10043850,0.1198
AR26-10043855,0.1198
AR26-10043863,0.1198
AR26-10043883,0.1198
AR26-10043888,0.1198
AR26-10043892,0.1198
AR26-10043896,0.1198
AR26-10043898,0.1198
AR26-10043901,0.1198
AR26-10043907,0.1198
AR26-10043908,0.1198
AR26-10043930,0.1198
AR26-10043940,0.1198
AR26-10043941,0.1198
AR26-10043958,0.1198
AR26-10043959,0.1198
AR26-10043963,0.1198
AR26-10043971,0.1198
AR26-10043977,0.1198
AR26-10043978,0.1198
AR26-10043980,0.1198
AR26-10043981,0.1198
AR26-10043985,0.1198
AR26-10043992,0.1198
AR26-10044010,0.1198
AR26-10044012,0.1198
AR26-10044014,0.1198
AR26-10044024,0.1198
AR26-10044028,0.1198
AR26-10044029,0.1198
AR26-10044038,0.1198
AR26-10044047,0.1198
AR26-10044048,0.1198
AR26-10044051,0.1198
AR26-10044054,0.1198
AR26-10044065,0.1198
AR26-10044069,0.1198
AR26-10044075,0.1198
AR26-10044078,0.1198
AR26-10044086,0.1198
AR26-10044089,0.1198
AR26-10044090,0.1198
AR26-10044093,0.1198
AR26-10044095,0.1198
AR26-10044104,0.1198
AR26-10044107,0.1198
AR26-10044108,0.1198
AR26-10044121,0.1198
AR26-10044122,0.1198
AR26-10044134,0.1198
AR26-10044142,0.1198
AR26-10044143,0.1198
AR26-10044150,0.1198
AR26-10044153,0.1198
AR26-10044176,0.1198
AR26-10044179,0.1198
AR26-10044184,0.1198
AR26-10044187,0.1198
AR26-10044188,0.1198
AR26-10044191,0.1198
AR26-10044205,0.1198
AR26-10044219,0.1198
AR26-10044222,0.1198
AR26-10044233,0.1198
AR26-10044241,0.1198
AR26-10044244,0.1198
AR26-10044247,0.1198
AR26-10044249,0.1198
AR26-10044252,0.1198
AR26-10044261,0.1198
AR26-10044266,0.1198
AR26-10044268,0.1198
AR26-10044277,0.1198
AR26-10044300,0.1198
AR26-10044304,0.1198
AR26-10044311,0.1198
AR26-10044326,0.1198
AR26-10044336,0.1198
AR26-10044338,0.1198
AR26-10044340,0.1198
AR26-10044342,0.1198
AR26-10044343,0.1198
AR26-10044349,0.1198
AR26-10044351,0.1198
AR26-10044352,0.1198
AR26-10044353,0.1198
AR26-10044356,0.1198
AR26-10044365,0.1198
AR26-10044377,0.1198
AR26-10044379,0.1198
AR26-10044391,0.1198
AR26-10044394,0.1198
AR26-10044400,0.1198
AR26-10044408,0.1198
AR26-10044411,0.1198
AR26-10044418,0.1198
AR26-10044424,0.1198
AR26-10044425,0.1198
AR26-10044428,0.1198
AR26-10044429,0.1198
AR26-10044439,0.1198
AR26-10044443,0.1198
AR26-10044444,0.1198
AR26-10044445,0.1198
AR26-10044473,0.1198
AR26-10044476,0.1198
AR26-10044496,0.1198
AR26-10044500,0.1198
AR26-10044505,0.1198
AR26-10044509,0.1198
AR26-10044510,0.1198
AR26-10044512,0.1198
AR26-10044524,0.1198
AR26-10044527,0.1198
AR26-10044528,0.1198
AR26-10044529,0.1198
AR26-10044543,0.1198
AR26-10044551,0.1198
AR26-10044555,0.1198
AR26-10044568,0.1198
AR26-10044600,0.1198
AR26-10044603,0.1198
AR26-10044607,0.1198
AR26-10044608,0.1198
AR26-10044617,0.1198
AR26-10044642,0.1198
AR26-10044644,0.1198
AR26-10044684,0.1198
AR26-10044688,0.1198
AR26-10044689,0.1198
AR26-10044695,0.1198
AR26-10044705,0.1198
AR26-10044707,0.1198
AR26-10044708,0.1198
AR26-10044722,0.1198
AR26-10044725,0.1198
AR26-10044728,0.1198
AR26-10044732,0.1198
AR26-10044736,0.1198
AR26-10044742,0.1198
AR26-10044745,0.1198
AR26-10044749,0.1198
AR26-10044751,0.1198
AR26-10044752,0.1198
AR26-10044761,0.1198
AR26-10044767,0.1198
AR26-10044770,0.1198
AR26-10044772,0.1198
AR26-10044782,0.1198
AR26-10044793,0.1198
AR26-10044794,0.1198
AR26-10044799,0.1198
AR26-10044805,0.1198
AR26-10044810,0.1198
AR26-10044815,0.1198
AR26-10044820,0.1198
AR26-10044827,0.1198
AR26-10044837,0.1198
AR26-10044839,0.1198
AR26-10044840,0.1198
AR26-10044845,0.1198
AR26-10044856,0.1198
AR26-10044858,0.1198
AR26-10044859,0.1198
AR26-10044862,0.1198
AR26-10044864,0.1198
AR26-10044875,0.1198
AR26-10044888,0.1198
AR26-10044892,0.1198
AR26-10044900,0.1198
AR26-10044901,0.1198
AR26-10044906,0.1198
AR26-10044914,0.1198
AR26-10044918,0.1198
AR26-10044929,0.1198
AR26-10044936,0.1198
AR26-10044937,0.1198
AR26-10044959,0.1198
AR26-10044973,0.1198
AR26-10044978,0.1198
AR26-10044980,0.1198
AR26-10044989,0.1198
